"domain","collect"
"0xtv.biz","1666915200"
"100stuff.site","1666915200"
"111330.org","1666915200"
"111331.org","1666915200"
"111332.org","1666915200"
"111334.org","1666915200"
"111335.org","1666915200"
"121zzzzz.com","1666915200"
"143biz.cc.md-14.webhostbox.net","1666915200"
"147activar-coppel.click","1666915200"
"1natojobservice.ru","1666915200"
"31173fd.sytes.net","1666915200"
"321042-cy13670.tmweb.ru","1666915200"
"345353555.byethost12.com","1666915200"
"3656c.net","1666915200"
"3656r.net","1666915200"
"3656u.net","1666915200"
"3d-gold.com.hk","1666915200"
"411speed.duckdns.org","1666915200"
"4more5.67.14.61","1666915200"
"5631278.repl.co","1666915200"
"5y6.pages.dev","1666915200"
"656ttyghhg.hopto.org","1666915200"
"75365.org","1666915200"
"75850.org","1666915200"
"76z-z.info","1666915200"
"7d2837d283.lbagencies.com.au","1666915200"
"82122.st","1666915200"
"8374383743.surveyorwa.com.au","1666915200"
"8404.football","1666915200"
"8499951.cc","1666915200"
"85098.org","1666915200"
"85368.org","1666915200"
"85621.football","1666915200"
"88movies.online","1666915200"
"913657.com","1666915200"
"a-work.info","1666915200"
"a.dwnl.my.id","1666915200"
"a0455475.xsph.ru","1666915200"
"a41997fcd5e0bd32.xyz","1666915200"
"aboniaamckdr.com","1666915200"
"abzac.in","1666915200"
"account-restriction-1000781373.firebaseapp.com","1666915200"
"acessobradesco.digital","1666915200"
"adman-aoomnaoo.top","1666915200"
"admaris.ir","1666915200"
"admin-painel.app","1666915200"
"ads-ti.com","1666915200"
"advance-waterproofing.com","1666915200"
"ae-bohsc.com","1666915200"
"aflcargo-hk.com","1666915200"
"africamoney.loan","1666915200"
"agemiel.com","1666915200"
"agvance-dot-encrypt-key-326708.uk.r.appspot.com","1666915200"
"ah.sunnyyokoyama.com","1666915200"
"ahdaccount.com","1666915200"
"aibloginqueries.com","1666915200"
"aibwebsecurity.com","1666915200"
"airtyrant.com","1666915200"
"akmos.com.br","1666915200"
"aks34.github.io","1666915200"
"aksharasrismartschool.com","1666915200"
"al-hadin.com","1666915200"
"alameenhotel.com","1666915200"
"alconexport.com","1666915200"
"alertasynotificaciones.clavedinamic0.repl.co","1666915200"
"alskafcu.online","1666915200"
"altervistaf.com","1666915200"
"amazom.appcca.top","1666915200"
"amazon.co.jp.node3534638051pf_rd_rx67ef8tvwdhsygccxspwpf_rd_p.pe773.cn","1666915200"
"amazontoken.io","1666915200"
"amkszobpid.duckdns.org","1666915200"
"amlbot.eu","1666915200"
"anarchitecturestudio.com","1666915200"
"anbush.com","1666915200"
"aninogames.com","1666915200"
"anysad.ru","1666915200"
"aolpage1updatemail.square.site","1666915200"
"aouennm-opneacc.net","1666915200"
"app-1inch.website","1666915200"
"apptds.com","1666915200"
"arabellarental.co.za","1666915200"
"ascdssc.info","1666915200"
"asiahost.eu.org","1666915200"
"asiekdfhg.weebly.com","1666915200"
"asonitsoft.com","1666915200"
"assistance-myupsparcel.com","1666915200"
"assures-ameli.info","1666915200"
"aster-kr.com","1666915200"
"atik.co.il","1666915200"
"atmsistemica.com.br","1666915200"
"att-100459.square.site","1666915200"
"att-101144.weeblysite.com","1666915200"
"att-101246.square.site","1666915200"
"att-105915.square.site","1666915200"
"att-108713.square.site","1666915200"
"att-109249.weeblysite.com","1666915200"
"att-109434.weeblysite.com","1666915200"
"att-s.top","1666915200"
"att-yahoo-mail-update.square.site","1666915200"
"attaccountupgrading-100333.square.site","1666915200"
"attack.reqw.xyz","1666915200"
"attdomainfug3service.weeblysite.com","1666915200"
"attjfnjfhjfjhattnattnet.weebly.com","1666915200"
"attmailupdate-10727.square.site","1666915200"
"attnetwork-100046.square.site","1666915200"
"attservices765.weebly.com","1666915200"
"attttt-101055.weeblysite.com","1666915200"
"auoneo-jp.lvgf.xyz","1666915200"
"ausconnext.com","1666915200"
"auth.multiplaninc.com","1666915200"
"azor.vds2018.space","1666915200"
"azsd5.stream","1666915200"
"azzmin.ttdzsz.cn","1666915200"
"b65753ef-e7b3-49b2-ac10-b3620b8f886e.id.repl.co","1666915200"
"badgerlandshops.com","1666915200"
"bafybeidlkleiszy42owmuvr7an45pnhlrgs7u7p6bofuow5zhk3ugivfrm.ipfs.w3s.link","1666915200"
"bafybeidlzsbmcjsentchdblizqnifq343fub5iq7jw2geckwazkvgj4t24.ipfs.dweb.link","1666915200"
"balansvoorjezelf.nl","1666915200"
"bancaporlnternetlnterbarnk.dominandoagestao.com.br","1666915200"
"banco-de-chile--personas0.repl.co","1666915200"
"bands33.casacam.net","1666915200"
"bandyban.com","1666915200"
"banorte.com1-2939.top","1666915200"
"bartonmcgill.co.nz","1666915200"
"baseits.com.br","1666915200"
"behumb.com","1666915200"
"bendetta.online","1666915200"
"beta5.t1nkem.com","1666915200"
"bgastrofinombg.com","1666915200"
"bibd60.hyperphp.com","1666915200"
"bicrun.myportfolio.com","1666915200"
"bindustrialgtz.w3spaces.com","1666915200"
"bingobongo.space","1666915200"
"bitcoinminermachines.com","1666915200"
"bkwriting.com","1666915200"
"blockvchain.com","1666915200"
"blog.drmostafafouadivf.com","1666915200"
"bluecornerblog.tk","1666915200"
"bn.futur-city.fr","1666915200"
"bodaciousevents.nl","1666915200"
"bogorhitz-main.com","1666915200"
"borneel.com.bd","1666915200"
"bountymarine.net","1666915200"
"br1-update-apk.online","1666915200"
"brahmayogasadhana.com","1666915200"
"brlmo.layanan11.online","1666915200"
"brokenservices.cf","1666915200"
"brooksup.shop","1666915200"
"brou-login.broulogin.repl.co","1666915200"
"browserinstallup.xyz","1666915200"
"bscsscan.us","1666915200"
"bsiteonline01.w3spaces.com","1666915200"
"bt-broadservice.weeblysite.com","1666915200"
"bt-internet-109y.weeblysite.com","1666915200"
"btconnect-02ae38.webflow.io","1666915200"
"btconnect-22d8fe.webflow.io","1666915200"
"btconnect-281846.webflow.io","1666915200"
"btconnect-292b81.webflow.io","1666915200"
"btconnect-425864.webflow.io","1666915200"
"btconnect-5dfe3d.webflow.io","1666915200"
"btconnect-660a0c.webflow.io","1666915200"
"btconnect-66b117.webflow.io","1666915200"
"btconnect-837ef6.webflow.io","1666915200"
"btconnect-9016ac.webflow.io","1666915200"
"btconnect-cca44c.webflow.io","1666915200"
"btconnect-d3687a.webflow.io","1666915200"
"btconnect-df590b.webflow.io","1666915200"
"btconnect-e95685.webflow.io","1666915200"
"btconnect-f5fca6.webflow.io","1666915200"
"bttelecommunications.weeblysite.com","1666915200"
"buhjolk.at","1666915200"
"business-configuration-page.firebaseapp.com","1666915200"
"business-configuration-page.web.app","1666915200"
"business-komputer.com","1666915200"
"business-meta-page-19068896782.firebaseapp.com","1666915200"
"business-meta-page-19068896782.web.app","1666915200"
"business-page-alert-1218979825.firebaseapp.com","1666915200"
"business-page-alert-1218979825.web.app","1666915200"
"business-page-alert-12623-6122.firebaseapp.com","1666915200"
"business-page-alert-126342-23.firebaseapp.com","1666915200"
"business-page-alert-129867223.firebaseapp.com","1666915200"
"business-page-alert-129867223.web.app","1666915200"
"business-page-alert-1564-352.firebaseapp.com","1666915200"
"business-page-alert-17346-32.firebaseapp.com","1666915200"
"business-page-alert-901289792.firebaseapp.com","1666915200"
"business-page-alert-901289792.web.app","1666915200"
"business-page-appeal-1253-5443.firebaseapp.com","1666915200"
"business-page-appeal-16789002.firebaseapp.com","1666915200"
"business-page-appeal-16789002.web.app","1666915200"
"business-page-meta-16892798155.firebaseapp.com","1666915200"
"business-page-meta-16892798155.web.app","1666915200"
"business-page-meta-180582094.firebaseapp.com","1666915200"
"business-page-meta-180582094.web.app","1666915200"
"buycoolmatter.com","1666915200"
"bverkehrsdaten.shop","1666915200"
"c33c5166-e9c2-4885-a51a-998d5867f3f8.id.repl.co","1666915200"
"c9f44961.ngrok.io","1666915200"
"caenbesepeolagin.godaddysites.com","1666915200"
"caisregiont.ga","1666915200"
"caisregiont.ml","1666915200"
"caisseing-be.firebaseapp.com","1666915200"
"caisseing-fd099.firebaseapp.com","1666915200"
"caisseing-fd099.web.app","1666915200"
"cakeandstudio.com","1666915200"
"calfaeurope.com","1666915200"
"campaignsreport.org","1666915200"
"canliwhatsapp.info","1666915200"
"caonima-gannima.ddns.net","1666915200"
"carrgill.net","1666915200"
"ce00223.tmweb.ru","1666915200"
"cens0red.us","1666915200"
"cgyuwlwcha.duckdns.org","1666915200"
"chez-hriub-smeeg.yolasite.com","1666915200"
"ciceidr.top","1666915200"
"cikechengshi.com","1666915200"
"clasek.de","1666915200"
"clave.vencimientoo.repl.co","1666915200"
"cli3ntsupp0rt01.net","1666915200"
"clicksecureoregonstatecu.info","1666915200"
"clienteprotegidopj.com","1666915200"
"cloudyfavorableapplication.paobac27.repl.co","1666915200"
"cnc53rd.site","1666915200"
"coastalselectacademy.info","1666915200"
"coinbaseguproulogin.godaddysites.com","1666915200"
"coinbaseprologinnxu.godaddysites.com","1666915200"
"coinbaseyuprolgin.godaddysites.com","1666915200"
"coinnbaseproljogin.godaddysites.com","1666915200"
"com-saint-martin.com","1666915200"
"commande-crit-air.fr","1666915200"
"compactedu.com","1666915200"
"compraventaeloro.com","1666915200"
"computernewb.ml","1666915200"
"congtynguyenbinh.com.vn","1666915200"
"connect-status.com","1666915200"
"consultasonline.info","1666915200"
"control-wood-a78a.zgwql974.workers.dev","1666915200"
"controllibpercard.com","1666915200"
"cosmoi098.ml","1666915200"
"costcociti.pages.dev","1666915200"
"costcomainsupport.com","1666915200"
"covid-foyyn.run-us-west2.goorm.io","1666915200"
"cpam-ameli-renouvellement.fr","1666915200"
"cpf-th.com","1666915200"
"crasyhost.com","1666915200"
"creativeingredient.com","1666915200"
"cremeroloe.com","1666915200"
"crete-holidays.com.gr","1666915200"
"ctrlcenter.pw","1666915200"
"cultiva-es.co","1666915200"
"currently-att-servicemailtcpimapserverpop.square.site","1666915200"
"d2aae6a6.srvr-cloudmail-srvr675eu6r.pages.dev","1666915200"
"d4q9uu68sapym.cloudfront.net","1666915200"
"daaworkingfine.no-ip.org","1666915200"
"dada.grantflaskparty.com","1666915200"
"dadafa.zzz.com.ua","1666915200"
"damp-flower-9e1c.ronaldgyyfbaduairju45.workers.dev","1666915200"
"damvdolgdayn.com","1666915200"
"danamon.my.id","1666915200"
"danbeta.ru","1666915200"
"danny-young.com","1666915200"
"dapostfluew.myportfolio.com","1666915200"
"daycoval.contrato.srv.br","1666915200"
"db-dati-cliente.com","1666915200"
"dbank.foresty.me","1666915200"
"dbcdsi9udhekjh.in","1666915200"
"dbs.online-login-sg.com","1666915200"
"dbs.online-login-web-sg.com","1666915200"
"dbs.web-online-sg.com","1666915200"
"dcard-mone.com","1666915200"
"dcard-pome.com","1666915200"
"deciss.ga","1666915200"
"deerangels.com","1666915200"
"densefox.ml","1666915200"
"derjismutik.info","1666915200"
"derkziel.comoj.com","1666915200"
"desperate.website","1666915200"
"dev-bancolombia-sucursal.pantheonsite.io","1666915200"
"devinstone.bond","1666915200"
"dexteriscool.in","1666915200"
"diafbank.com","1666915200"
"didb510.hyperphp.com","1666915200"
"diegorochaimoveis.com","1666915200"
"digitalverif1marinecu.info","1666915200"
"dingparmyrol.com","1666915200"
"direct.smbc.co.jp.xzhdx.net","1666915200"
"directs037.eu","1666915200"
"discord-user-api.cf","1666915200"
"diwajibkan-isi-formulirnya.xyz","1666915200"
"dl.9xu.com","1666915200"
"dnspod.pro","1666915200"
"doblefotos.zonster.com","1666915200"
"doc-slip-frog-b08c.7n4z8uox.workers.dev","1666915200"
"document.payrol.workers.dev","1666915200"
"document7e-dc5e5.firebaseapp.com","1666915200"
"document7e-dc5e5.web.app","1666915200"
"dollman.club","1666915200"
"dorblu99.net","1666915200"
"dowaba-s2dhl.blogspot.com","1666915200"
"dowsha151.5gbfree.com","1666915200"
"dqsdqdda.ddns.net","1666915200"
"drillzlog.com","1666915200"
"drimaoil-ca.online","1666915200"
"dubleautoriza.net","1666915200"
"dubzfile.tk","1666915200"
"earno.net","1666915200"
"eatnear.com","1666915200"
"ege-sel.com","1666915200"
"egouv.francophonie.org","1666915200"
"eki-net.com.personal.drwdkj.cn","1666915200"
"eki-net.comn-aesaccceeaaa.nvlpro.top","1666915200"
"eki-net.comn-aesacccesaaa.eubiqz.top","1666915200"
"eki-net.comn-aesaccecceea.bqkzne.top","1666915200"
"eki-net.comn-aesaccecceea.clcdan.top","1666915200"
"eki-net.comn-aesacceeeeea.bsuahj.top","1666915200"
"eki-net.comn-aesacceeeeea.lzqbia.top","1666915200"
"eki-net.comn-aesacceeeeea.ydenaa.top","1666915200"
"eki-net.comn-aesacceoseea.clcdan.top","1666915200"
"eki-net.comn-aesacceoseea.eubiqz.top","1666915200"
"eki-net.comn-aesacceoseea.lzqbia.top","1666915200"
"eki-net.comn-aesaceccesoaa.fxhpgz.top","1666915200"
"eki-net.comn-aesaceeeeaaa.nthuop.top","1666915200"
"eki-net.comn-aesaceeeesoaa.ialnzp.top","1666915200"
"eki-net.comn-aesaceeeesoaa.pvylbf.top","1666915200"
"eki-net.comn-aesaceeeesoaa.shgssf.top","1666915200"
"eki-net.comn-aesaceeesaaa.rniirc.top","1666915200"
"eki-net.comn-aesaceosesoaa.ffzris.top","1666915200"
"eki-net.comn-aesaceosesoaa.kwntrl.top","1666915200"
"eki-net.comn-aesaceosesoaa.shgssf.top","1666915200"
"eki-net.comn-aesacosesaaa.vmxdtl.top","1666915200"
"eki-net.comn-aesaecceesaa.ffzris.top","1666915200"
"eki-net.comn-aesaecceesaa.jmkqnj.top","1666915200"
"eki-net.comn-aesaecceesaa.kzdqmi.top","1666915200"
"eki-net.comn-aesaecceesaa.lzqbia.top","1666915200"
"eki-net.comn-aesaecceesaa.mroqjj.top","1666915200"
"eki-net.comn-aesaeccesoaa.imvjiy.top","1666915200"
"eki-net.comn-aesaeeeeesaa.jmkqnj.top","1666915200"
"eki-net.comn-aesaeeeeesaa.pvylbf.top","1666915200"
"eki-net.comn-aesaeeeesoaa.eubiqz.top","1666915200"
"eki-net.comn-aesaeoseesaa.frqdjm.top","1666915200"
"eki-net.comn-aesaeoseesaa.iefvov.top","1666915200"
"eki-net.comn-aesaeoseesaa.ssnqtf.top","1666915200"
"eki-net.comn-aesaeosesoaa.hwttnt.top","1666915200"
"eki-net.comn-aesccosneisaa.imvjiy.top","1666915200"
"eki-net.comn-aesccosneisaa.tqlcvt.top","1666915200"
"eki-net.comn-aesccosneisaa.tugpxd.top","1666915200"
"eki-net.comn-aescecsneiesa.ffzris.top","1666915200"
"eki-net.comn-aescecsneiesa.flfnaf.top","1666915200"
"eki-net.comn-aescecsneiesa.kkunyu.top","1666915200"
"eki-net.comn-aescecsneiesa.nvlpro.top","1666915200"
"eki-net.comn-aescecsneiesa.xyihvb.top","1666915200"
"eki-net.comn-aesceesneiesa.kkunyu.top","1666915200"
"eki-net.comn-aesceesneiesa.vmxdtl.top","1666915200"
"eki-net.comn-aesceosneiesa.iefvov.top","1666915200"
"eki-net.comn-aesceosneiesa.lzqbia.top","1666915200"
"eki.neta.monster","1666915200"
"eki.netn.live","1666915200"
"eki.netn.top","1666915200"
"ekl-net.comm-ascaceeccea.clcdan.top","1666915200"
"ekl-net.comm-ascaceeccea.uiwwax.top","1666915200"
"ekl-net.comm-ascaceeccea.vmxdtl.top","1666915200"
"ekl-net.comm-ascaceeccea.wiqnfw.top","1666915200"
"ekl-net.comm-ascaceeccea.xyihvb.top","1666915200"
"ekl-net.comm-ascaceeccea.ydenaa.top","1666915200"
"ekl-net.comm-ascaceeeeea.dnzvtn.top","1666915200"
"ekl-net.comm-ascaceesnea.wiqnfw.top","1666915200"
"ekl-net.comm-ascaecceaaa.tqlcvt.top","1666915200"
"ekl-net.comm-ascaesneaaa.bjottf.top","1666915200"
"ekl-net.comm-ascaesneaaa.mroqjj.top","1666915200"
"ekl-net.comm-ascaesneaaa.rniirc.top","1666915200"
"ekl-net.comm-asoacecceaaa.bjottf.top","1666915200"
"ekl-net.comm-asoacecceaaa.pvylbf.top","1666915200"
"ekl-net.comm-asoacecceaaa.rkhusu.top","1666915200"
"ekl-net.comm-asoaceeeeaaa.imvjiy.top","1666915200"
"ekl-net.comm-asoaceeeeaaa.jlevcj.top","1666915200"
"ekl-net.comm-asoaceeeeaaa.rljrjp.top","1666915200"
"ekl-net.comm-asoacesneaaa.yzpbpt.top","1666915200"
"ekl-net.comm-asoaecceaaa.npcmvk.top","1666915200"
"ekl-net.comm-asoaecceaaa.wiqnfw.top","1666915200"
"ekl-net.comm-asoaeccesaa.bqkzne.top","1666915200"
"ekl-net.comm-asoaeccesaa.dnzvtn.top","1666915200"
"ekl-net.comm-asoaeeeeaaa.nthuop.top","1666915200"
"ekl-net.comm-asoaeeeesaa.npcmvk.top","1666915200"
"ekl-net.comm-asoaeeeesaa.xyihvb.top","1666915200"
"ekl-net.comm-asoaesneaaa.clcdan.top","1666915200"
"ekl-net.comm-asoaesneaaa.jmkqnj.top","1666915200"
"ekl-net.comm-asoaesnesaa.nvlpro.top","1666915200"
"ekl-net.comm-asocecsneisa.mroqjj.top","1666915200"
"ekl-net.comm-asocecsneisa.tdehzx.top","1666915200"
"ekl-net.comm-asoceesneisa.airrcv.top","1666915200"
"ekl-net.comm-asoceesneisa.ehnmzj.top","1666915200"
"ekl-net.comm-asoceesneisa.muaezk.top","1666915200"
"ekl-net.comm-asoceesneisa.vpzrgv.top","1666915200"
"ekl-net.comm-asocessneisa.ssnqtf.top","1666915200"
"ekl-net.comm-asocessneisa.tdehzx.top","1666915200"
"ekl-net.comnn-acacseccea.frqdjm.top","1666915200"
"ekl-net.comnn-acacseeeea.jlevcj.top","1666915200"
"ekl-net.comnn-acacseeeea.xckjmb.top","1666915200"
"ekl-net.comnn-acascceaaa.ffzris.top","1666915200"
"ekl-net.comnn-acascmeaaa.jmkqnj.top","1666915200"
"ekl-net.comnn-acaseeeaaa.imvjiy.top","1666915200"
"ekl-net.comnn-accscsneiaa.tqdvtw.top","1666915200"
"ekl-net.comnn-accscsneiaa.wiqnfw.top","1666915200"
"ekl-net.comnn-aoacscmeoaa.hwttnt.top","1666915200"
"ekl-net.comnn-aoacscmeoaa.kkunyu.top","1666915200"
"ekl-net.comnn-aoacscmesaa.eckudg.top","1666915200"
"ekl-net.comnn-aoacscmesaa.ffzris.top","1666915200"
"ekl-net.comnn-aoacseeeoaa.bqkzne.top","1666915200"
"ekl-net.comnn-aoacseeeoaa.pvylbf.top","1666915200"
"ekl-net.comnn-aoacseeeoaa.srxjef.top","1666915200"
"ekl-net.comnn-aoascceoaa.muaezk.top","1666915200"
"ekl-net.comnn-aoascceoaa.npcmvk.top","1666915200"
"ekl-net.comnn-aoascceoaa.ssnqtf.top","1666915200"
"ekl-net.comnn-aoascmeoaa.jmkqnj.top","1666915200"
"ekl-net.comnn-aoascmeoaa.kkunyu.top","1666915200"
"ekl-net.comnn-aoascmeoaa.tkvynb.top","1666915200"
"ekl-net.comnn-aoascmesaa.jmkqnj.top","1666915200"
"ekl-net.comnn-aoascmesaa.yzpbpt.top","1666915200"
"ekl-net.comnn-aoaseeeoaa.iaigpg.top","1666915200"
"ekl-net.comnn-aoaseeeoaa.vmstjp.top","1666915200"
"ekl-net.comnn-aoaseeesaa.frqdjm.top","1666915200"
"ekl-net.comnn-aocscsneisa.nipldm.top","1666915200"
"ekl1-neettn.top","1666915200"
"elngetmailchkdm53.web.app","1666915200"
"elnstek.com","1666915200"
"elshottrends.com","1666915200"
"eme.dalenreahostz.sk","1666915200"
"emioannina.gr","1666915200"
"empirestate.ga","1666915200"
"encryptedrentalfile.ddns.net","1666915200"
"engeforpavimentacao.com.br","1666915200"
"engerrow.gq","1666915200"
"entregadepaps.com","1666915200"
"epi9rf.webwave.dev","1666915200"
"eqixija.gigavet.org","1666915200"
"err-maildelivery.info","1666915200"
"espace-assure-sante.fr","1666915200"
"espace-sante-publique.fr","1666915200"
"espadaeoliveira.com","1666915200"
"estadoproducto.online","1666915200"
"euromopy.tech","1666915200"
"evaglobal.eu","1666915200"
"event.tdnol.com","1666915200"
"everrich-trading.com","1666915200"
"everyonechances.com","1666915200"
"evih.scamfreeweb.com","1666915200"
"extraordinary-kitten-a0d77e.netlify.app","1666915200"
"extrememx.net","1666915200"
"f0407836.xsph.ru","1666915200"
"f0409509.xsph.ru","1666915200"
"f0410801.xsph.ru","1666915200"
"f0412475.xsph.ru","1666915200"
"f0419655.xsph.ru","1666915200"
"f0460630.xsph.ru","1666915200"
"fabbo-hotel.nl","1666915200"
"facebook200013.altervista.org","1666915200"
"famous-druid-4c07a4.netlify.app","1666915200"
"fapncam.com","1666915200"
"fatburrito.pw","1666915200"
"fbforpages10020458345.web.app","1666915200"
"fcafwfpnsv.duckdns.org","1666915200"
"femmesvoyage.com","1666915200"
"ff-membeship.com","1666915200"
"fhuh3.weebly.com","1666915200"
"file4soft.com","1666915200"
"finalfeliscomprasagora.tech","1666915200"
"findmy-lcloud.com","1666915200"
"fleetmitras.com","1666915200"
"flipsides.net","1666915200"
"flowcode.com","1666915200"
"formulaireassurancemaladie.fr","1666915200"
"formularxx2000.firebaseapp.com","1666915200"
"formularxx2001.firebaseapp.com","1666915200"
"formularxx2001.web.app","1666915200"
"formularxx20012.firebaseapp.com","1666915200"
"formularxx20012.web.app","1666915200"
"formularxx20013.firebaseapp.com","1666915200"
"formularxx20013.web.app","1666915200"
"formularxx20014.firebaseapp.com","1666915200"
"formularxx20014.web.app","1666915200"
"formularxx20015.firebaseapp.com","1666915200"
"formularxx20015.web.app","1666915200"
"formularxx20016.firebaseapp.com","1666915200"
"formularxx20016.web.app","1666915200"
"formularxx20017.firebaseapp.com","1666915200"
"formularxx20017.web.app","1666915200"
"formularxx20018.firebaseapp.com","1666915200"
"formularxx20018.web.app","1666915200"
"formularxx20019.firebaseapp.com","1666915200"
"formularxx20019.web.app","1666915200"
"formularxx2002.firebaseapp.com","1666915200"
"formularxx2002.web.app","1666915200"
"formularxx20020.firebaseapp.com","1666915200"
"formularxx20020.web.app","1666915200"
"formularxx20021.firebaseapp.com","1666915200"
"formularxx20021.web.app","1666915200"
"formularxx20022.firebaseapp.com","1666915200"
"formularxx20022.web.app","1666915200"
"formularxx20023.firebaseapp.com","1666915200"
"formularxx20023.web.app","1666915200"
"formularxx20024.firebaseapp.com","1666915200"
"formularxx20024.web.app","1666915200"
"formularxx20025.firebaseapp.com","1666915200"
"formularxx20025.web.app","1666915200"
"formularxx20026.firebaseapp.com","1666915200"
"formularxx20026.web.app","1666915200"
"formularxx20027.firebaseapp.com","1666915200"
"formularxx20027.web.app","1666915200"
"formularxx20028.firebaseapp.com","1666915200"
"formularxx20028.web.app","1666915200"
"formularxx20029.firebaseapp.com","1666915200"
"formularxx20029.web.app","1666915200"
"formularxx2003.firebaseapp.com","1666915200"
"formularxx2003.web.app","1666915200"
"formularxx20030.firebaseapp.com","1666915200"
"formularxx20030.web.app","1666915200"
"formularxx20031.firebaseapp.com","1666915200"
"formularxx20031.web.app","1666915200"
"formularxx20032.firebaseapp.com","1666915200"
"formularxx20032.web.app","1666915200"
"formularxx20033.firebaseapp.com","1666915200"
"formularxx20033.web.app","1666915200"
"formularxx20034.firebaseapp.com","1666915200"
"formularxx20034.web.app","1666915200"
"formularxx20035.firebaseapp.com","1666915200"
"formularxx20035.web.app","1666915200"
"formularxx2004.firebaseapp.com","1666915200"
"formularxx2004.web.app","1666915200"
"formularxx2005.firebaseapp.com","1666915200"
"formularxx2005.web.app","1666915200"
"formularxx2006.firebaseapp.com","1666915200"
"formularxx2006.web.app","1666915200"
"formularxx2007.firebaseapp.com","1666915200"
"formularxx2007.web.app","1666915200"
"formularxx2008.firebaseapp.com","1666915200"
"formularxx2008.web.app","1666915200"
"formularxx2009.firebaseapp.com","1666915200"
"formularxx2009.web.app","1666915200"
"forrentinvegas.com","1666915200"
"foxregistration.biz","1666915200"
"fpbqrouphaiti.com","1666915200"
"fpe42zr.hyperphp.com","1666915200"
"fqphotographie.com","1666915200"
"francearefrogs.xyz","1666915200"
"freefire.pontorecargajogo.com","1666915200"
"freelist904.16-b.it","1666915200"
"freshboilogs.co.uk","1666915200"
"fruistere.monster","1666915200"
"fsefsfeg.xyz","1666915200"
"ftp.valvulasthermovalve.cl","1666915200"
"fukj8.software","1666915200"
"fvyncztyqt.duckdns.org","1666915200"
"gainminnilugice.godaddysites.com","1666915200"
"garconcestgarconhuen.lol","1666915200"
"gd543hfh.hyperphp.com","1666915200"
"geemeeneelogine.godaddysites.com","1666915200"
"geemeenilugince.godaddysites.com","1666915200"
"geeminiuologinn.godaddysites.com","1666915200"
"gemeni-logeen.godaddysites.com","1666915200"
"geminihlofginsf.godaddysites.com","1666915200"
"geminilloginn.godaddysites.com","1666915200"
"geminiloe-ugin.godaddysites.com","1666915200"
"geminilueein.godaddysites.com","1666915200"
"geminilugeein.godaddysites.com","1666915200"
"geminilugein.godaddysites.com","1666915200"
"get-nitrogift.com","1666915200"
"getrfdeza.blogspot.com","1666915200"
"gettingassisted-with-myupsorder.com","1666915200"
"ghcgvghvatt.godaddysites.com","1666915200"
"ghdh.hyperphp.com","1666915200"
"ghlk-105509.weeblysite.com","1666915200"
"ghostink.sytes.net","1666915200"
"gloriadating-b.pro","1666915200"
"gny3a9643-001-site1.itempurl.com","1666915200"
"goldenmenluxury.online","1666915200"
"gonstarkae.cool","1666915200"
"govgr-tax.firebaseapp.com","1666915200"
"govgr-tax.web.app","1666915200"
"grupobancolombia.convinac.repl.co","1666915200"
"gta-fast.pro","1666915200"
"gtneifnsyrf.tk","1666915200"
"guata.com.br","1666915200"
"guniches.net","1666915200"
"h2oarchitecture.com.au","1666915200"
"hardbase.1x.de","1666915200"
"hardxx.mobi","1666915200"
"hbhadvocates.ae","1666915200"
"hdtapo.cn","1666915200"
"headleycfcu.org","1666915200"
"heard-white-13.myjino.ru","1666915200"
"helpdeskonline.support","1666915200"
"hentaionichan.us","1666915200"
"hersite.casa","1666915200"
"hess-lzt.ga","1666915200"
"hiepphat.com.vn","1666915200"
"himdeal.xyz","1666915200"
"hiolkeen.myportfolio.com","1666915200"
"hiponwgtot.duckdns.org","1666915200"
"hitneysolar.com","1666915200"
"hnxdccc.com","1666915200"
"howshopee.brizztv.com","1666915200"
"iamthecause.top","1666915200"
"iclear.studentworkbook.pw","1666915200"
"identifiez-vous598.yolasite.com","1666915200"
"ijitm.com","1666915200"
"ikaschyn.beget.tech","1666915200"
"imperiaskygarden.net","1666915200"
"industrialspares.to","1666915200"
"inflationperson.com","1666915200"
"infobrii1.perseero.com","1666915200"
"infoclients-prox.fr","1666915200"
"ins.bearsu.cn","1666915200"
"inscripcionclavedinamica.newrixing.repl.co","1666915200"
"instagram667g.blogspot.com","1666915200"
"intergoodi666.myjino.ru","1666915200"
"interlogistics.com.vn","1666915200"
"ioddbtewxr.duckdns.org","1666915200"
"iosappdevelopmentindia.com","1666915200"
"ipost-ch.click","1666915200"
"irmaosmota.tk","1666915200"
"irs-claimtax19.com","1666915200"
"iv-auth.org","1666915200"
"iyke33.host56.com","1666915200"
"izubantis.top","1666915200"
"j400822.myjino.ru","1666915200"
"jcb-co-jp.acaseeeaaa.ckbgqa.top","1666915200"
"jcb-co-jp.accscsneiaa.nfcruf.top","1666915200"
"jcb-co-jp.accscsneiaa.nqshtz.top","1666915200"
"jcb-co-jp.accscsneiaa.nqydyk.top","1666915200"
"jcb-co-jp.accscsneiaa.ntcivu.top","1666915200"
"jcb-co-jp.accscsneiaa.ofapuf.top","1666915200"
"jcb-co-jp.accscsneiaa.okkluc.top","1666915200"
"jcb-co-jp.accscsneiaa.pscbcq.top","1666915200"
"jcb-co-jp.accscsneiaa.ptflkv.top","1666915200"
"jcb-co-jp.accscsneiaa.pvevhj.top","1666915200"
"jcb-co-jp.accscsneiaa.pwrppx.top","1666915200"
"jcb-co-jp.accscsneiaa.qumkhv.top","1666915200"
"jcb-co-jp.accscsneiaa.rmefse.top","1666915200"
"jcb-co-jp.accscsneiaa.szdatz.top","1666915200"
"jcb-co-jp.accscsneiaa.tbzepi.top","1666915200"
"jcb-co-jp.accscsneiaa.trloxr.top","1666915200"
"jcb-co-jp.accscsneiaa.txnrdz.top","1666915200"
"jcb-co-jp.accscsneiaa.ucaomn.top","1666915200"
"jcb-co-jp.accscsneiaa.uovtkq.top","1666915200"
"jcb-co-jp.accscsneiaa.uthgrh.top","1666915200"
"jcb-co-jp.accscsneiaa.xdytug.top","1666915200"
"jcb-co-jp.accscsneiaa.xfrhbs.top","1666915200"
"jcb-co-jp.accscsneiaa.xpffml.top","1666915200"
"jcb-co-jp.accscsneiaa.xvtqgm.top","1666915200"
"jcb-co-jp.accscsneiaa.yxfzox.top","1666915200"
"jcb-co-jp.accscsneiaa.zwjolc.top","1666915200"
"jcb-co-jp.aoacscceoaa.aohjoe.top","1666915200"
"jcb-co-jp.aoacscceoaa.aqjumi.top","1666915200"
"jcb-co-jp.aoacscceoaa.btksps.top","1666915200"
"jcb-co-jp.aoacscceoaa.ckbgqa.top","1666915200"
"jcb-co-jp.aoacscceoaa.cwtqgk.top","1666915200"
"jcb-co-jp.aoacscceoaa.cxksxk.top","1666915200"
"jcb-co-jp.aoacscceoaa.dpmjmf.top","1666915200"
"jcb-co-jp.aoacscceoaa.epfran.top","1666915200"
"jcb-co-jp.aoacscceoaa.fynbrb.top","1666915200"
"jcb-co-jp.aoacscceoaa.fznzia.top","1666915200"
"jcb-co-jp.aoacscceoaa.gatmao.top","1666915200"
"jcb-co-jp.aoacscceoaa.gtpzam.top","1666915200"
"jcb-co-jp.aoacscceoaa.hgodae.top","1666915200"
"jcb-co-jp.aoacscceoaa.hxdmaa.top","1666915200"
"jcb-co-jp.aoacscceoaa.hxfkib.top","1666915200"
"jcb-co-jp.aoacscceoaa.igyoxj.top","1666915200"
"jcb-co-jp.aoacscceoaa.ioukrg.top","1666915200"
"jcb-co-jp.aoacscceoaa.iskwkh.top","1666915200"
"jcb-co-jp.aoacscceoaa.jdidcz.top","1666915200"
"jcb-co-jp.aoacscceoaa.jerhnm.top","1666915200"
"jcb-co-jp.aoacscceoaa.kgbmvy.top","1666915200"
"jcb-co-jp.aoacscceoaa.kzytvo.top","1666915200"
"jcb-co-jp.aoacscceoaa.liohdr.top","1666915200"
"jcb-co-jp.aoacscceoaa.lklftx.top","1666915200"
"jcb-co-jp.aoacscceoaa.nfcruf.top","1666915200"
"jcb-co-jp.aoacscceoaa.nqshtz.top","1666915200"
"jcb-co-jp.aoacscceoaa.nqydyk.top","1666915200"
"jcb-co-jp.aoacscceoaa.ntcivu.top","1666915200"
"jcb-co-jp.aoacscceoaa.ofapuf.top","1666915200"
"jcb-co-jp.aoacscceoaa.okkluc.top","1666915200"
"jcb-co-jp.aoacscceoaa.pscbcq.top","1666915200"
"jcb-co-jp.aoacscceoaa.ptflkv.top","1666915200"
"jcb-co-jp.aoacscceoaa.pvevhj.top","1666915200"
"jcb-co-jp.aoacscceoaa.pwrppx.top","1666915200"
"jcb-co-jp.aoacscceoaa.qumkhv.top","1666915200"
"jcb-co-jp.aoacscceoaa.rmefse.top","1666915200"
"jcb-co-jp.aoacscceoaa.szdatz.top","1666915200"
"jcb-co-jp.aoacscceoaa.tbzepi.top","1666915200"
"jcb-co-jp.aoacscceoaa.trloxr.top","1666915200"
"jcb-co-jp.aoacscceoaa.txnrdz.top","1666915200"
"jcb-co-jp.aoacscceoaa.ucaomn.top","1666915200"
"jcb-co-jp.aoacscceoaa.uovtkq.top","1666915200"
"jcb-co-jp.aoacscceoaa.uthgrh.top","1666915200"
"jcb-co-jp.aoacscceoaa.xdytug.top","1666915200"
"jcb-co-jp.aoacscceoaa.xfrhbs.top","1666915200"
"jcb-co-jp.aoacscceoaa.xpffml.top","1666915200"
"jcb-co-jp.aoacscceoaa.xvtqgm.top","1666915200"
"jcb-co-jp.aoacscceoaa.yxfzox.top","1666915200"
"jcb-co-jp.aoacscceoaa.zqplva.top","1666915200"
"jcb-co-jp.aoacscceoaa.zwjolc.top","1666915200"
"jcb-co-jp.aoacscmeoaa.aohjoe.top","1666915200"
"jcb-co-jp.aoacscmeoaa.aqjumi.top","1666915200"
"jcb-co-jp.aoacscmeoaa.btksps.top","1666915200"
"jcb-co-jp.aoacscmeoaa.ckbgqa.top","1666915200"
"jcb-co-jp.aoacscmeoaa.cwtqgk.top","1666915200"
"jcb-co-jp.aoacscmeoaa.cxksxk.top","1666915200"
"jcb-co-jp.aoacscmeoaa.dpmjmf.top","1666915200"
"jcb-co-jp.aoacscmeoaa.epfran.top","1666915200"
"jcb-co-jp.aoacscmeoaa.fynbrb.top","1666915200"
"jcb-co-jp.aoacscmeoaa.fznzia.top","1666915200"
"jcb-co-jp.aoacscmeoaa.gatmao.top","1666915200"
"jcb-co-jp.aoacscmeoaa.gtpzam.top","1666915200"
"jcb-co-jp.aoacscmeoaa.hgodae.top","1666915200"
"jcb-co-jp.aoacscmeoaa.hxdmaa.top","1666915200"
"jcb-co-jp.aoacscmeoaa.hxfkib.top","1666915200"
"jcb-co-jp.aoacscmeoaa.igyoxj.top","1666915200"
"jcb-co-jp.aoacscmeoaa.ioukrg.top","1666915200"
"jcb-co-jp.aoacscmeoaa.iskwkh.top","1666915200"
"jcb-co-jp.aoacscmeoaa.jdidcz.top","1666915200"
"jcb-co-jp.aoacscmeoaa.jerhnm.top","1666915200"
"jcb-co-jp.aoacscmeoaa.kgbmvy.top","1666915200"
"jcb-co-jp.aoacscmeoaa.kzytvo.top","1666915200"
"jcb-co-jp.aoacscmeoaa.liohdr.top","1666915200"
"jcb-co-jp.aoacscmeoaa.lklftx.top","1666915200"
"jcb-co-jp.aoacscmeoaa.nfcruf.top","1666915200"
"jcb-co-jp.aoacscmesaa.jerhnm.top","1666915200"
"jcb-co-jp.aoacscmesaa.tbzepi.top","1666915200"
"jcb-co-jp.aoasccesaa.okkluc.top","1666915200"
"jcb-co-jp.aoascmesaa.jdidcz.top","1666915200"
"jcb-co-jp.ascaceeccea.qumkhv.top","1666915200"
"jcb-co-jp.ascaceeccea.rmefse.top","1666915200"
"jcb-co-jp.ascaceeccea.szdatz.top","1666915200"
"jcb-co-jp.ascaceeccea.tbzepi.top","1666915200"
"jcb-co-jp.ascaceeccea.trloxr.top","1666915200"
"jcb-co-jp.ascaceeccea.txnrdz.top","1666915200"
"jcb-co-jp.ascaceeeeea.kzytvo.top","1666915200"
"jcb-co-jp.ascaceeeeea.nfcruf.top","1666915200"
"jcb-co-jp.ascaesneaaa.hgodae.top","1666915200"
"jcb-co-jp.ascaesneaaa.hxdmaa.top","1666915200"
"jcb-co-jp.ascaesneaaa.hxfkib.top","1666915200"
"jcb-co-jp.ascaesneaaa.igyoxj.top","1666915200"
"jcb-co-jp.ascaesneaaa.ioukrg.top","1666915200"
"jcb-co-jp.ascaesneaaa.iskwkh.top","1666915200"
"jcb-co-jp.ascaesneaaa.jdidcz.top","1666915200"
"jcb-co-jp.ascaesneaaa.jerhnm.top","1666915200"
"jcb-co-jp.ascaesneaaa.kgbmvy.top","1666915200"
"jcb-co-jp.ascaesneaaa.kzytvo.top","1666915200"
"jcb-co-jp.ascaesneaaa.liohdr.top","1666915200"
"jcb-co-jp.ascaesneaaa.lklftx.top","1666915200"
"jcb-co-jp.ascaesneaaa.nfcruf.top","1666915200"
"jcb-co-jp.ascaesneaaa.nqshtz.top","1666915200"
"jcb-co-jp.ascaesneaaa.nqydyk.top","1666915200"
"jcb-co-jp.ascaesneaaa.ntcivu.top","1666915200"
"jcb-co-jp.ascaesneaaa.ofapuf.top","1666915200"
"jcb-co-jp.ascaesneaaa.okkluc.top","1666915200"
"jcb-co-jp.ascaesneaaa.pscbcq.top","1666915200"
"jcb-co-jp.ascaesneaaa.ptflkv.top","1666915200"
"jcb-co-jp.ascaesneaaa.pvevhj.top","1666915200"
"jcb-co-jp.ascaesneaaa.pwrppx.top","1666915200"
"jcb-co-jp.ascaesneaaa.qumkhv.top","1666915200"
"jcb-co-jp.ascaesneaaa.rmefse.top","1666915200"
"jcb-co-jp.ascaesneaaa.szdatz.top","1666915200"
"jcb-co-jp.ascaesneaaa.tbzepi.top","1666915200"
"jcb-co-jp.ascaesneaaa.trloxr.top","1666915200"
"jcb-co-jp.ascaesneaaa.txnrdz.top","1666915200"
"jcb-co-jp.ascaesneaaa.ucaomn.top","1666915200"
"jcb-co-jp.ascaesneaaa.uovtkq.top","1666915200"
"jcb-co-jp.ascaesneaaa.uthgrh.top","1666915200"
"jcb-co-jp.ascaesneaaa.xdytug.top","1666915200"
"jcb-co-jp.ascaesneaaa.xfrhbs.top","1666915200"
"jcb-co-jp.ascaesneaaa.xpffml.top","1666915200"
"jcb-co-jp.ascaesneaaa.xvtqgm.top","1666915200"
"jcb-co-jp.ascaesneaaa.yxfzox.top","1666915200"
"jcb-co-jp.ascaesneaaa.zqplva.top","1666915200"
"jcb-co-jp.ascaesneaaa.zwjolc.top","1666915200"
"jcb-co-jp.asoaecceaaa.fznzia.top","1666915200"
"jcb-co-jp.asoaeeeeaaa.okkluc.top","1666915200"
"jcb-co-jp.asoaeeeeaaa.pscbcq.top","1666915200"
"jcb-co-jp.asoaeeeeaaa.ptflkv.top","1666915200"
"jcb-co-jp.asoaeeeeaaa.pvevhj.top","1666915200"
"jcb-co-jp.asoaeeeeaaa.pwrppx.top","1666915200"
"jcb-co-jp.asoaeeeeaaa.qumkhv.top","1666915200"
"jcb-co-jp.asoaeeeeaaa.rmefse.top","1666915200"
"jcb-co-jp.asoaeeeeaaa.szdatz.top","1666915200"
"jcb-co-jp.asoaeeeeaaa.tbzepi.top","1666915200"
"jcb-co-jp.asoaeeeeaaa.trloxr.top","1666915200"
"jcb-co-jp.asoaeeeeaaa.txnrdz.top","1666915200"
"jcb-co-jp.asoaeeeeaaa.ucaomn.top","1666915200"
"jcb-co-jp.asoaeeeeaaa.uovtkq.top","1666915200"
"jcb-co-jp.asoaeeeeaaa.uthgrh.top","1666915200"
"jcb-co-jp.asoaeeeeaaa.xdytug.top","1666915200"
"jcb-co-jp.asoaeeeeaaa.xfrhbs.top","1666915200"
"jcb-co-jp.asoaeeeeaaa.xpffml.top","1666915200"
"jcb-co-jp.asoaeeeeaaa.xvtqgm.top","1666915200"
"jcb-co-jp.asoaeeeeaaa.yxfzox.top","1666915200"
"jcb-co-jp.asoaeeeeaaa.zqplva.top","1666915200"
"jcb-co-jp.asoaeeeeaaa.zwjolc.top","1666915200"
"jcb-co-jp.asoaeeeesaa.aohjoe.top","1666915200"
"jcb-co-jp.asoaeeeesaa.aqjumi.top","1666915200"
"jcb-co-jp.asoaeeeesaa.btksps.top","1666915200"
"jcb-co-jp.asoaeeeesaa.ckbgqa.top","1666915200"
"jcb-co-jp.asoaeeeesaa.cwtqgk.top","1666915200"
"jcb-co-jp.asoaeeeesaa.cxksxk.top","1666915200"
"jcb-co-jp.asoaeeeesaa.dpmjmf.top","1666915200"
"jcb-co-jp.asoaeeeesaa.epfran.top","1666915200"
"jcb-co-jp.asoaeeeesaa.fynbrb.top","1666915200"
"jcb-co-jp.asoaeeeesaa.fznzia.top","1666915200"
"jcb-co-jp.asoaeeeesaa.gatmao.top","1666915200"
"jcb-co-jp.asoaeeeesaa.gtpzam.top","1666915200"
"jcb-co-jp.asoaeeeesaa.hgodae.top","1666915200"
"jcb-co-jp.asoaeeeesaa.hxdmaa.top","1666915200"
"jcb-co-jp.asoaeeeesaa.hxfkib.top","1666915200"
"jcb-co-jp.asoaeeeesaa.igyoxj.top","1666915200"
"jcb-co-jp.asoaeeeesaa.ioukrg.top","1666915200"
"jcb-co-jp.asoaeeeesaa.iskwkh.top","1666915200"
"jcb-co-jp.asoaeeeesaa.jdidcz.top","1666915200"
"jcb-co-jp.asoaeeeesaa.jerhnm.top","1666915200"
"jcb-co-jp.asoaeeeesaa.kgbmvy.top","1666915200"
"jcb-co-jp.asoaeeeesaa.kzytvo.top","1666915200"
"jcb-co-jp.asoaeeeesaa.liohdr.top","1666915200"
"jcb-co-jp.asoaeeeesaa.lklftx.top","1666915200"
"jcb-co-jp.asoaeeeesaa.nfcruf.top","1666915200"
"jcb-co-jp.asoaeeeesaa.nqshtz.top","1666915200"
"jcb-co-jp.asoaeeeesaa.nqydyk.top","1666915200"
"jcb-co-jp.asoaeeeesaa.ntcivu.top","1666915200"
"jcb-co-jp.asoaeeeesaa.ofapuf.top","1666915200"
"jcb-co-jp.asoaeeeesaa.okkluc.top","1666915200"
"jcb-co-jp.asoaeeeesaa.pscbcq.top","1666915200"
"jcb-co-jp.asoaeeeesaa.ptflkv.top","1666915200"
"jcb-co-jp.asoaeeeesaa.pvevhj.top","1666915200"
"jcb-co-jp.asoaeeeesaa.pwrppx.top","1666915200"
"jcb-co-jp.asoaeeeesaa.qumkhv.top","1666915200"
"jcb-co-jp.asoaeeeesaa.rmefse.top","1666915200"
"jcb-co-jp.asoaeeeesaa.szdatz.top","1666915200"
"jcb-co-jp.asoaeeeesaa.tbzepi.top","1666915200"
"jcb-co-jp.asoaeeeesaa.trloxr.top","1666915200"
"jcb-co-jp.asoaeeeesaa.txnrdz.top","1666915200"
"jcb-co-jp.asoaeeeesaa.ucaomn.top","1666915200"
"jcb-co-jp.asoaeeeesaa.uovtkq.top","1666915200"
"jcb-co-jp.asoaeeeesaa.uthgrh.top","1666915200"
"jcb-co-jp.asoaeeeesaa.xdytug.top","1666915200"
"jcb-co-jp.asoaeeeesaa.xfrhbs.top","1666915200"
"jcb-co-jp.asoaeeeesaa.xpffml.top","1666915200"
"jcb-co-jp.asoaeeeesaa.xvtqgm.top","1666915200"
"jcb-co-jp.asoaeeeesaa.yxfzox.top","1666915200"
"jcb-co-jp.asoaeeeesaa.zqplva.top","1666915200"
"jcb-co-jp.asoaeeeesaa.zwjolc.top","1666915200"
"jcb-co-jp.asoaesneaaa.aohjoe.top","1666915200"
"jcb-co-jp.asoaesneaaa.aqjumi.top","1666915200"
"jcb-co-jp.asoaesneaaa.btksps.top","1666915200"
"jcb-co-jp.asoaesneaaa.ckbgqa.top","1666915200"
"jcb-co-jp.asoaesneaaa.cwtqgk.top","1666915200"
"jcb-co-jp.asoaesneaaa.cxksxk.top","1666915200"
"jcb-co-jp.asoaesneaaa.dpmjmf.top","1666915200"
"jcb-co-jp.asoaesneaaa.epfran.top","1666915200"
"jcb-co-jp.asoaesneaaa.fynbrb.top","1666915200"
"jcb-co-jp.asoaesneaaa.fznzia.top","1666915200"
"jcb-co-jp.asoaesneaaa.gatmao.top","1666915200"
"jcb-co-jp.asoaesneaaa.gtpzam.top","1666915200"
"jcb-co-jp.asoaesneaaa.hgodae.top","1666915200"
"jcb-co-jp.asoaesneaaa.hxdmaa.top","1666915200"
"jcb-co-jp.asoaesneaaa.hxfkib.top","1666915200"
"jcb-co-jp.asoaesneaaa.igyoxj.top","1666915200"
"jcb-co-jp.asoaesneaaa.ioukrg.top","1666915200"
"jcb-co-jp.asoaesneaaa.iskwkh.top","1666915200"
"jcb-co-jp.asoaesneaaa.jdidcz.top","1666915200"
"jcb-co-jp.asoaesneaaa.jerhnm.top","1666915200"
"jcb-co-jp.asoaesneaaa.kgbmvy.top","1666915200"
"jcb-co-jp.asoaesneaaa.kzytvo.top","1666915200"
"jcb-co-jp.asoaesneaaa.liohdr.top","1666915200"
"jcb-co-jp.asoaesneaaa.lklftx.top","1666915200"
"jcb-co-jp.asoaesneaaa.nfcruf.top","1666915200"
"jcb-co-jp.asoaesneaaa.nqshtz.top","1666915200"
"jcb-co-jp.asoaesneaaa.nqydyk.top","1666915200"
"jcb-co-jp.asoaesneaaa.ntcivu.top","1666915200"
"jcb-co-jp.asoaesneaaa.ofapuf.top","1666915200"
"jcb-co-jp.esaccceeaaa.aohjoe.top","1666915200"
"jcb-co-jp.esaccceeaaa.aqjumi.top","1666915200"
"jcb-co-jp.esaccceeaaa.btksps.top","1666915200"
"jcb-co-jp.esaccceeaaa.ckbgqa.top","1666915200"
"jcb-co-jp.esaccceeaaa.cwtqgk.top","1666915200"
"jcb-co-jp.esaccceeaaa.cxksxk.top","1666915200"
"jcb-co-jp.esaccceeaaa.dpmjmf.top","1666915200"
"jcb-co-jp.esaccceeaaa.epfran.top","1666915200"
"jcb-co-jp.esaccceeaaa.fynbrb.top","1666915200"
"jcb-co-jp.esaccceeaaa.fznzia.top","1666915200"
"jcb-co-jp.esaccceeaaa.gatmao.top","1666915200"
"jcb-co-jp.esaccceeaaa.gtpzam.top","1666915200"
"jcb-co-jp.esaccceeaaa.hgodae.top","1666915200"
"jcb-co-jp.esaccceeaaa.hxdmaa.top","1666915200"
"jcb-co-jp.esaccceeaaa.hxfkib.top","1666915200"
"jcb-co-jp.esaccceeaaa.igyoxj.top","1666915200"
"jcb-co-jp.esaccceeaaa.ioukrg.top","1666915200"
"jcb-co-jp.esaccceeaaa.iskwkh.top","1666915200"
"jcb-co-jp.esaccceeaaa.jerhnm.top","1666915200"
"jcb-co-jp.esaccceeaaa.kgbmvy.top","1666915200"
"jcb-co-jp.esaccceeaaa.kzytvo.top","1666915200"
"jcb-co-jp.esaccceeaaa.liohdr.top","1666915200"
"jcb-co-jp.esaccceeaaa.lklftx.top","1666915200"
"jcb-co-jp.esaccceeaaa.nfcruf.top","1666915200"
"jcb-co-jp.esaccceeaaa.nqshtz.top","1666915200"
"jcb-co-jp.esaccceeaaa.nqydyk.top","1666915200"
"jcb-co-jp.esaccceeaaa.ntcivu.top","1666915200"
"jcb-co-jp.esaccceeaaa.ofapuf.top","1666915200"
"jcb-co-jp.esaccceeaaa.okkluc.top","1666915200"
"jcb-co-jp.esaccceeaaa.pscbcq.top","1666915200"
"jcb-co-jp.esaccceeaaa.ptflkv.top","1666915200"
"jcb-co-jp.esaccceeaaa.pvevhj.top","1666915200"
"jcb-co-jp.esaccceeaaa.pwrppx.top","1666915200"
"jcb-co-jp.esaccceeaaa.qumkhv.top","1666915200"
"jcb-co-jp.esaccceeaaa.rmefse.top","1666915200"
"jcb-co-jp.esaccceeaaa.szdatz.top","1666915200"
"jcb-co-jp.esaccceeaaa.tbzepi.top","1666915200"
"jcb-co-jp.esaccceeaaa.trloxr.top","1666915200"
"jcb-co-jp.esaccceeaaa.txnrdz.top","1666915200"
"jcb-co-jp.esaccceeaaa.ucaomn.top","1666915200"
"jcb-co-jp.esaccceeaaa.uovtkq.top","1666915200"
"jcb-co-jp.esaccceeaaa.uthgrh.top","1666915200"
"jcb-co-jp.esaccceeaaa.xdytug.top","1666915200"
"jcb-co-jp.esaccceeaaa.xfrhbs.top","1666915200"
"jcb-co-jp.esaccceeaaa.xpffml.top","1666915200"
"jcb-co-jp.esaccceeaaa.xvtqgm.top","1666915200"
"jcb-co-jp.esaccceeaaa.yxfzox.top","1666915200"
"jcb-co-jp.esaccceeaaa.zqplva.top","1666915200"
"jcb-co-jp.esaccceeaaa.zwjolc.top","1666915200"
"jcb-co-jp.esacccesaaa.aohjoe.top","1666915200"
"jcb-co-jp.esacccesaaa.aqjumi.top","1666915200"
"jcb-co-jp.esacccesaaa.ckbgqa.top","1666915200"
"jcb-co-jp.esacccesaaa.cwtqgk.top","1666915200"
"jcb-co-jp.esacccesaaa.cxksxk.top","1666915200"
"jcb-co-jp.esacccesaaa.dpmjmf.top","1666915200"
"jcb-co-jp.esacccesaaa.epfran.top","1666915200"
"jcb-co-jp.esacccesaaa.fynbrb.top","1666915200"
"jcb-co-jp.esacccesaaa.fznzia.top","1666915200"
"jcb-co-jp.esacccesaaa.gatmao.top","1666915200"
"jcb-co-jp.esacccesaaa.gtpzam.top","1666915200"
"jcb-co-jp.esacccesaaa.hgodae.top","1666915200"
"jcb-co-jp.esacccesaaa.hxdmaa.top","1666915200"
"jcb-co-jp.esacccesaaa.hxfkib.top","1666915200"
"jcb-co-jp.esacccesaaa.igyoxj.top","1666915200"
"jcb-co-jp.esacccesaaa.ioukrg.top","1666915200"
"jcb-co-jp.esacccesaaa.iskwkh.top","1666915200"
"jcb-co-jp.esacccesaaa.jdidcz.top","1666915200"
"jcb-co-jp.esacccesaaa.jerhnm.top","1666915200"
"jcb-co-jp.esacccesaaa.kgbmvy.top","1666915200"
"jcb-co-jp.esacccesaaa.kzytvo.top","1666915200"
"jcb-co-jp.esacccesaaa.liohdr.top","1666915200"
"jcb-co-jp.esacccesaaa.lklftx.top","1666915200"
"jcb-co-jp.esacccesaaa.nfcruf.top","1666915200"
"jcb-co-jp.esacccesaaa.nqshtz.top","1666915200"
"jcb-co-jp.esacccesaaa.nqydyk.top","1666915200"
"jcb-co-jp.esacccesaaa.ntcivu.top","1666915200"
"jcb-co-jp.esacccesaaa.ofapuf.top","1666915200"
"jcb-co-jp.esacccesaaa.okkluc.top","1666915200"
"jcb-co-jp.esacccesaaa.pscbcq.top","1666915200"
"jcb-co-jp.esacccesaaa.ptflkv.top","1666915200"
"jcb-co-jp.esacccesaaa.pvevhj.top","1666915200"
"jcb-co-jp.esacccesaaa.pwrppx.top","1666915200"
"jcb-co-jp.esacccesaaa.qumkhv.top","1666915200"
"jcb-co-jp.esacccesaaa.rmefse.top","1666915200"
"jcb-co-jp.esacccesaaa.szdatz.top","1666915200"
"jcb-co-jp.esacccesaaa.tbzepi.top","1666915200"
"jcb-co-jp.esacccesaaa.trloxr.top","1666915200"
"jcb-co-jp.esacccesaaa.txnrdz.top","1666915200"
"jcb-co-jp.esacccesaaa.uovtkq.top","1666915200"
"jcb-co-jp.esacccesaaa.uthgrh.top","1666915200"
"jcb-co-jp.esacccesaaa.xdytug.top","1666915200"
"jcb-co-jp.esacccesaaa.xfrhbs.top","1666915200"
"jcb-co-jp.esacccesaaa.xpffml.top","1666915200"
"jcb-co-jp.esacccesaaa.xvtqgm.top","1666915200"
"jcb-co-jp.esacccesaaa.yxfzox.top","1666915200"
"jcb-co-jp.esacccesaaa.zqplva.top","1666915200"
"jcb-co-jp.esacccesaaa.zwjolc.top","1666915200"
"jcb-co-jp.esacceccesa.igyoxj.top","1666915200"
"jcb-co-jp.esacceccesa.ioukrg.top","1666915200"
"jcb-co-jp.esacceccesa.yxfzox.top","1666915200"
"jcb-co-jp.esacceeeeea.fynbrb.top","1666915200"
"jcb-co-jp.esacceoseea.btksps.top","1666915200"
"jcb-co-jp.esaceeeeaaa.aohjoe.top","1666915200"
"jcb-co-jp.esaceeeeaaa.aqjumi.top","1666915200"
"jcb-co-jp.esaceeeeaaa.btksps.top","1666915200"
"jcb-co-jp.esaceeeeaaa.ckbgqa.top","1666915200"
"jcb-co-jp.esaceeeeaaa.cwtqgk.top","1666915200"
"jcb-co-jp.esaceeeeaaa.cxksxk.top","1666915200"
"jcb-co-jp.esaceeeeaaa.dpmjmf.top","1666915200"
"jcb-co-jp.esaceeeeaaa.epfran.top","1666915200"
"jcb-co-jp.esaceeeeaaa.fynbrb.top","1666915200"
"jcb-co-jp.esaceeeeaaa.fznzia.top","1666915200"
"jcb-co-jp.esaceeeeaaa.gatmao.top","1666915200"
"jcb-co-jp.esaceeeeaaa.gtpzam.top","1666915200"
"jcb-co-jp.esaceeeeaaa.hgodae.top","1666915200"
"jcb-co-jp.esaceeeeaaa.hxdmaa.top","1666915200"
"jcb-co-jp.esaceeeeaaa.hxfkib.top","1666915200"
"jcb-co-jp.esaceeeeaaa.igyoxj.top","1666915200"
"jcb-co-jp.esaceeeeaaa.ioukrg.top","1666915200"
"jcb-co-jp.esaceeeeaaa.iskwkh.top","1666915200"
"jcb-co-jp.esaceeeeaaa.jdidcz.top","1666915200"
"jcb-co-jp.esaceeeeaaa.jerhnm.top","1666915200"
"jcb-co-jp.esaceeeeaaa.kgbmvy.top","1666915200"
"jcb-co-jp.esaceeeeaaa.kzytvo.top","1666915200"
"jcb-co-jp.esaceeeeaaa.liohdr.top","1666915200"
"jcb-co-jp.esaceeeeaaa.lklftx.top","1666915200"
"jcb-co-jp.esaceeeeaaa.nfcruf.top","1666915200"
"jcb-co-jp.esaceeeeaaa.nqshtz.top","1666915200"
"jcb-co-jp.esaceeeeaaa.nqydyk.top","1666915200"
"jcb-co-jp.esaceeeeaaa.ntcivu.top","1666915200"
"jcb-co-jp.esaceeeeaaa.ofapuf.top","1666915200"
"jcb-co-jp.esaceeeeaaa.okkluc.top","1666915200"
"jcb-co-jp.esaceeeeaaa.pscbcq.top","1666915200"
"jcb-co-jp.esaceeeeaaa.ptflkv.top","1666915200"
"jcb-co-jp.esaceeeeaaa.pvevhj.top","1666915200"
"jcb-co-jp.esaceeeeaaa.pwrppx.top","1666915200"
"jcb-co-jp.esaceeeeaaa.qumkhv.top","1666915200"
"jcb-co-jp.esaceeeeaaa.rmefse.top","1666915200"
"jcb-co-jp.esaceeeeaaa.szdatz.top","1666915200"
"jcb-co-jp.esaceeeeaaa.tbzepi.top","1666915200"
"jcb-co-jp.esaceeeeaaa.trloxr.top","1666915200"
"jcb-co-jp.esaceeeeaaa.txnrdz.top","1666915200"
"jcb-co-jp.esaceeeeaaa.ucaomn.top","1666915200"
"jcb-co-jp.esaceeeeaaa.uovtkq.top","1666915200"
"jcb-co-jp.esaceeeeaaa.uthgrh.top","1666915200"
"jcb-co-jp.esaceeeeaaa.xdytug.top","1666915200"
"jcb-co-jp.esaceeeeaaa.xfrhbs.top","1666915200"
"jcb-co-jp.esaceeeeaaa.xpffml.top","1666915200"
"jcb-co-jp.esaceeeeaaa.xvtqgm.top","1666915200"
"jcb-co-jp.esaceeeeaaa.yxfzox.top","1666915200"
"jcb-co-jp.esaceeeeaaa.zqplva.top","1666915200"
"jcb-co-jp.esaceeeeaaa.zwjolc.top","1666915200"
"jcb-co-jp.esaceeesaaa.aohjoe.top","1666915200"
"jcb-co-jp.esaceeesaaa.aqjumi.top","1666915200"
"jcb-co-jp.esaceeesaaa.btksps.top","1666915200"
"jcb-co-jp.esaceeesaaa.ckbgqa.top","1666915200"
"jcb-co-jp.esaceeesaaa.cwtqgk.top","1666915200"
"jcb-co-jp.esaceeesaaa.cxksxk.top","1666915200"
"jcb-co-jp.esaceeesaaa.dpmjmf.top","1666915200"
"jcb-co-jp.esaceeesaaa.epfran.top","1666915200"
"jcb-co-jp.esaceeesaaa.fynbrb.top","1666915200"
"jcb-co-jp.esaceeesaaa.fznzia.top","1666915200"
"jcb-co-jp.esaceeesaaa.gatmao.top","1666915200"
"jcb-co-jp.esaceeesaaa.gtpzam.top","1666915200"
"jcb-co-jp.esaceeesaaa.hgodae.top","1666915200"
"jcb-co-jp.esaceeesaaa.hxdmaa.top","1666915200"
"jcb-co-jp.esaceeesaaa.hxfkib.top","1666915200"
"jcb-co-jp.esaceeesaaa.igyoxj.top","1666915200"
"jcb-co-jp.esaceeesaaa.ioukrg.top","1666915200"
"jcb-co-jp.esaceeesaaa.iskwkh.top","1666915200"
"jcb-co-jp.esaceeesaaa.jdidcz.top","1666915200"
"jcb-co-jp.esaceeesaaa.jerhnm.top","1666915200"
"jcb-co-jp.esaceeesaaa.kgbmvy.top","1666915200"
"jcb-co-jp.esaceeesaaa.kzytvo.top","1666915200"
"jcb-co-jp.esaceeesaaa.liohdr.top","1666915200"
"jcb-co-jp.esaceeesaaa.lklftx.top","1666915200"
"jcb-co-jp.esaceeesaaa.nfcruf.top","1666915200"
"jcb-co-jp.esaceeesaaa.nqshtz.top","1666915200"
"jcb-co-jp.esaceeesaaa.nqydyk.top","1666915200"
"jcb-co-jp.esaceeesaaa.ntcivu.top","1666915200"
"jcb-co-jp.esaceeesaaa.ofapuf.top","1666915200"
"jcb-co-jp.esaceeesaaa.okkluc.top","1666915200"
"jcb-co-jp.esaceeesaaa.pscbcq.top","1666915200"
"jcb-co-jp.esaceeesaaa.ptflkv.top","1666915200"
"jcb-co-jp.esaceeesaaa.pvevhj.top","1666915200"
"jcb-co-jp.esaceeesaaa.pwrppx.top","1666915200"
"jcb-co-jp.esaceeesaaa.qumkhv.top","1666915200"
"jcb-co-jp.esacoseeaaa.jerhnm.top","1666915200"
"jcb-co-jp.esaeccesoaa.ioukrg.top","1666915200"
"jcb-co-jp.esaeeeeesaa.dpmjmf.top","1666915200"
"jcb-co-jp.esaeeeeesaa.epfran.top","1666915200"
"jcb-co-jp.esaeeeeesaa.fynbrb.top","1666915200"
"jcb-co-jp.esaeeeeesaa.fznzia.top","1666915200"
"jcb-co-jp.esaeeeeesaa.gatmao.top","1666915200"
"jcb-co-jp.esaeeeeesaa.gtpzam.top","1666915200"
"jcb-co-jp.esaeeeeesaa.hgodae.top","1666915200"
"jcb-co-jp.esaeeeeesaa.hxdmaa.top","1666915200"
"jcb-co-jp.esaeeeeesaa.hxfkib.top","1666915200"
"jcb-co-jp.esaeeeeesaa.igyoxj.top","1666915200"
"jcb-co-jp.esaeeeeesaa.ioukrg.top","1666915200"
"jcb-co-jp.esaeeeeesaa.iskwkh.top","1666915200"
"jcb-co-jp.esaeeeeesaa.jdidcz.top","1666915200"
"jcb-co-jp.esaeeeeesaa.jerhnm.top","1666915200"
"jcb-co-jp.esaeeeeesaa.kgbmvy.top","1666915200"
"jcb-co-jp.esaeeeeesaa.kzytvo.top","1666915200"
"jcb-co-jp.esaeeeeesaa.liohdr.top","1666915200"
"jcb-co-jp.esaeeeeesaa.lklftx.top","1666915200"
"jcb-co-jp.esaeeeeesaa.nfcruf.top","1666915200"
"jcb-co-jp.esaeeeeesaa.nqshtz.top","1666915200"
"jcb-co-jp.esaeeeeesaa.nqydyk.top","1666915200"
"jcb-co-jp.esaeeeeesaa.ntcivu.top","1666915200"
"jcb-co-jp.esaeeeeesaa.ofapuf.top","1666915200"
"jcb-co-jp.esaeeeeesaa.okkluc.top","1666915200"
"jcb-co-jp.esaeeeeesaa.pscbcq.top","1666915200"
"jcb-co-jp.esaeeeeesaa.ptflkv.top","1666915200"
"jcb-co-jp.esaeeeeesaa.pvevhj.top","1666915200"
"jcb-co-jp.esaeeeeesaa.pwrppx.top","1666915200"
"jcb-co-jp.esaeeeeesaa.qumkhv.top","1666915200"
"jcb-co-jp.esaeeeeesaa.rmefse.top","1666915200"
"jcb-co-jp.esaeeeeesaa.szdatz.top","1666915200"
"jcb-co-jp.esaeeeeesaa.tbzepi.top","1666915200"
"jcb-co-jp.esaeeeeesaa.trloxr.top","1666915200"
"jcb-co-jp.esaeeeeesaa.txnrdz.top","1666915200"
"jcb-co-jp.esaeeeeesaa.ucaomn.top","1666915200"
"jcb-co-jp.esaeeeeesaa.uovtkq.top","1666915200"
"jcb-co-jp.esaeeeeesaa.uthgrh.top","1666915200"
"jcb-co-jp.esaeeeeesaa.xdytug.top","1666915200"
"jcb-co-jp.esaeeeeesaa.xfrhbs.top","1666915200"
"jcb-co-jp.esaeeeeesaa.xpffml.top","1666915200"
"jcb-co-jp.esaeeeeesaa.xvtqgm.top","1666915200"
"jcb-co-jp.esaeeeeesaa.yxfzox.top","1666915200"
"jcb-co-jp.esaeeeeesaa.zqplva.top","1666915200"
"jcb-co-jp.esaeeeeesaa.zwjolc.top","1666915200"
"jcb-co-jp.esaeeeesoaa.aohjoe.top","1666915200"
"jcb-co-jp.esaeeeesoaa.aqjumi.top","1666915200"
"jcb-co-jp.esaeeeesoaa.btksps.top","1666915200"
"jcb-co-jp.esaeeeesoaa.ckbgqa.top","1666915200"
"jcb-co-jp.esaeeeesoaa.cwtqgk.top","1666915200"
"jcb-co-jp.esaeeeesoaa.cxksxk.top","1666915200"
"jcb-co-jp.esaeeeesoaa.dpmjmf.top","1666915200"
"jcb-co-jp.esaeeeesoaa.epfran.top","1666915200"
"jcb-co-jp.esaeeeesoaa.fynbrb.top","1666915200"
"jcb-co-jp.esaeeeesoaa.fznzia.top","1666915200"
"jcb-co-jp.esaeeeesoaa.gatmao.top","1666915200"
"jcb-co-jp.esaeeeesoaa.gtpzam.top","1666915200"
"jcb-co-jp.esaeeeesoaa.hgodae.top","1666915200"
"jcb-co-jp.esaeeeesoaa.hxdmaa.top","1666915200"
"jcb-co-jp.esaeeeesoaa.hxfkib.top","1666915200"
"jcb-co-jp.esaeeeesoaa.igyoxj.top","1666915200"
"jcb-co-jp.esaeeeesoaa.ioukrg.top","1666915200"
"jcb-co-jp.esaeeeesoaa.iskwkh.top","1666915200"
"jcb-co-jp.esaeeeesoaa.jdidcz.top","1666915200"
"jcb-co-jp.esaeeeesoaa.jerhnm.top","1666915200"
"jcb-co-jp.esaeeeesoaa.kgbmvy.top","1666915200"
"jcb-co-jp.esaeeeesoaa.kzytvo.top","1666915200"
"jcb-co-jp.esaeeeesoaa.liohdr.top","1666915200"
"jcb-co-jp.esaeeeesoaa.lklftx.top","1666915200"
"jcb-co-jp.esaeeeesoaa.nfcruf.top","1666915200"
"jcb-co-jp.esaeeeesoaa.nqshtz.top","1666915200"
"jcb-co-jp.esaeeeesoaa.nqydyk.top","1666915200"
"jcb-co-jp.esaeeeesoaa.ntcivu.top","1666915200"
"jcb-co-jp.esaeeeesoaa.ofapuf.top","1666915200"
"jcb-co-jp.esaeeeesoaa.okkluc.top","1666915200"
"jcb-co-jp.esaeeeesoaa.pscbcq.top","1666915200"
"jcb-co-jp.esaeeeesoaa.ptflkv.top","1666915200"
"jcb-co-jp.esaeeeesoaa.pvevhj.top","1666915200"
"jcb-co-jp.esaeeeesoaa.pwrppx.top","1666915200"
"jcb-co-jp.esaeeeesoaa.qumkhv.top","1666915200"
"jcb-co-jp.esaeeeesoaa.rmefse.top","1666915200"
"jcb-co-jp.esaeeeesoaa.szdatz.top","1666915200"
"jcb-co-jp.esaeeeesoaa.tbzepi.top","1666915200"
"jcb-co-jp.esaeeeesoaa.trloxr.top","1666915200"
"jcb-co-jp.esaeeeesoaa.txnrdz.top","1666915200"
"jcb-co-jp.esaeeeesoaa.ucaomn.top","1666915200"
"jcb-co-jp.esaeeeesoaa.uovtkq.top","1666915200"
"jcb-co-jp.esaeeeesoaa.uthgrh.top","1666915200"
"jcb-co-jp.esaeeeesoaa.xdytug.top","1666915200"
"jcb-co-jp.esaeeeesoaa.xfrhbs.top","1666915200"
"jcb-co-jp.esaeeeesoaa.xpffml.top","1666915200"
"jcb-co-jp.esaeeeesoaa.xvtqgm.top","1666915200"
"jcb-co-jp.esaeeeesoaa.yxfzox.top","1666915200"
"jcb-co-jp.esaeeeesoaa.zqplva.top","1666915200"
"jcb-co-jp.esaeeeesoaa.zwjolc.top","1666915200"
"jcb-co-jp.esaeoseesaa.aohjoe.top","1666915200"
"jcb-co-jp.esaeoseesaa.aqjumi.top","1666915200"
"jcb-co-jp.esaeoseesaa.btksps.top","1666915200"
"jcb-co-jp.esaeoseesaa.ckbgqa.top","1666915200"
"jcb-co-jp.esaeoseesaa.cwtqgk.top","1666915200"
"jcb-co-jp.esaeoseesaa.cxksxk.top","1666915200"
"jcb-co-jp.esaeosesoaa.xfrhbs.top","1666915200"
"jcb-co-jp.esaeosesoaa.xpffml.top","1666915200"
"jcb-co-jp.esaeosesoaa.xvtqgm.top","1666915200"
"jcb-co-jp.esaeosesoaa.yxfzox.top","1666915200"
"jcb-co-jp.esaeosesoaa.zqplva.top","1666915200"
"jcb-co-jp.esaeosesoaa.zwjolc.top","1666915200"
"jcb-co-jp.saceccesoaa.jdidcz.top","1666915200"
"jcb-co-jp.saceccesoaa.jerhnm.top","1666915200"
"jcb-co-jp.saceccesoaa.kgbmvy.top","1666915200"
"jcb-co-jp.saceccesoaa.kzytvo.top","1666915200"
"jcb-co-jp.saceccesoaa.liohdr.top","1666915200"
"jcb-co-jp.saceccesoaa.lklftx.top","1666915200"
"jcb-co-jp.saceccesoaa.nfcruf.top","1666915200"
"jcb-co-jp.saceccesoaa.nqshtz.top","1666915200"
"jcb-co-jp.saceccesoaa.nqydyk.top","1666915200"
"jcb-co-jp.saceccesoaa.ntcivu.top","1666915200"
"jcb-co-jp.saceccesoaa.ofapuf.top","1666915200"
"jcb-co-jp.saceccesoaa.okkluc.top","1666915200"
"jcb-co-jp.saceccesoaa.pscbcq.top","1666915200"
"jcb-co-jp.saceccesoaa.ptflkv.top","1666915200"
"jcb-co-jp.saceccesoaa.pvevhj.top","1666915200"
"jcb-co-jp.saceccesoaa.pwrppx.top","1666915200"
"jcb-co-jp.saceccesoaa.qumkhv.top","1666915200"
"jcb-co-jp.saceccesoaa.rmefse.top","1666915200"
"jcb-co-jp.saceccesoaa.szdatz.top","1666915200"
"jcb-co-jp.saceccesoaa.tbzepi.top","1666915200"
"jcb-co-jp.saceccesoaa.trloxr.top","1666915200"
"jcb-co-jp.saceccesoaa.txnrdz.top","1666915200"
"jcb-co-jp.saceccesoaa.ucaomn.top","1666915200"
"jcb-co-jp.saceccesoaa.uovtkq.top","1666915200"
"jcb-co-jp.saceccesoaa.uthgrh.top","1666915200"
"jcb-co-jp.saceccesoaa.xdytug.top","1666915200"
"jcb-co-jp.saceccesoaa.xfrhbs.top","1666915200"
"jcb-co-jp.saceccesoaa.xpffml.top","1666915200"
"jcb-co-jp.saceccesoaa.xvtqgm.top","1666915200"
"jcb-co-jp.saceccesoaa.yxfzox.top","1666915200"
"jcb-co-jp.saceccesoaa.zqplva.top","1666915200"
"jcb-co-jp.saceccesoaa.zwjolc.top","1666915200"
"jcb-co-jp.saceeeesoaa.aohjoe.top","1666915200"
"jcb-co-jp.saceeeesoaa.aqjumi.top","1666915200"
"jcb-co-jp.saceeeesoaa.btksps.top","1666915200"
"jcb-co-jp.saceeeesoaa.ckbgqa.top","1666915200"
"jcb-co-jp.saceeeesoaa.cwtqgk.top","1666915200"
"jcb-co-jp.saceeeesoaa.cxksxk.top","1666915200"
"jcb-co-jp.saceeeesoaa.dpmjmf.top","1666915200"
"jcb-co-jp.saceeeesoaa.epfran.top","1666915200"
"jcb-co-jp.saceeeesoaa.fynbrb.top","1666915200"
"jcb-co-jp.saceeeesoaa.fznzia.top","1666915200"
"jcb-co-jp.saceeeesoaa.gatmao.top","1666915200"
"jcb-co-jp.saceeeesoaa.gtpzam.top","1666915200"
"jcb-co-jp.saceeeesoaa.hgodae.top","1666915200"
"jcb-co-jp.saceeeesoaa.hxdmaa.top","1666915200"
"jcb-co-jp.saceeeesoaa.hxfkib.top","1666915200"
"jcb-co-jp.saceeeesoaa.igyoxj.top","1666915200"
"jcb-co-jp.saceeeesoaa.ioukrg.top","1666915200"
"jcb-co-jp.saceeeesoaa.iskwkh.top","1666915200"
"jcb-co-jp.saceeeesoaa.jdidcz.top","1666915200"
"jcb-co-jp.saceeeesoaa.jerhnm.top","1666915200"
"jcb-co-jp.saceeeesoaa.kgbmvy.top","1666915200"
"jcb-co-jp.saceeeesoaa.kzytvo.top","1666915200"
"jcb-co-jp.saceeeesoaa.liohdr.top","1666915200"
"jcb-co-jp.saceeeesoaa.lklftx.top","1666915200"
"jcb-co-jp.saceeeesoaa.nfcruf.top","1666915200"
"jcb-co-jp.saceeeesoaa.nqshtz.top","1666915200"
"jcb-co-jp.saceeeesoaa.nqydyk.top","1666915200"
"jcb-co-jp.saceeeesoaa.ntcivu.top","1666915200"
"jcb-co-jp.saceeeesoaa.ofapuf.top","1666915200"
"jcb-co-jp.saceeeesoaa.okkluc.top","1666915200"
"jcb-co-jp.saceeeesoaa.pscbcq.top","1666915200"
"jcb-co-jp.saceeeesoaa.ptflkv.top","1666915200"
"jcb-co-jp.saceeeesoaa.pvevhj.top","1666915200"
"jcb-co-jp.saceeeesoaa.pwrppx.top","1666915200"
"jcb-co-jp.saceeeesoaa.qumkhv.top","1666915200"
"jcb-co-jp.saceeeesoaa.rmefse.top","1666915200"
"jcb-co-jp.saceeeesoaa.szdatz.top","1666915200"
"jcb-co-jp.saceeeesoaa.tbzepi.top","1666915200"
"jcb-co-jp.saceeeesoaa.trloxr.top","1666915200"
"jcb-co-jp.saceeeesoaa.txnrdz.top","1666915200"
"jcb-co-jp.saceeeesoaa.ucaomn.top","1666915200"
"jcb-co-jp.saceeeesoaa.uovtkq.top","1666915200"
"jcb-co-jp.saceeeesoaa.uthgrh.top","1666915200"
"jcb-co-jp.saceeeesoaa.xdytug.top","1666915200"
"jcb-co-jp.saceeeesoaa.xfrhbs.top","1666915200"
"jcb-co-jp.saceeeesoaa.xpffml.top","1666915200"
"jcb-co-jp.saceeeesoaa.xvtqgm.top","1666915200"
"jcb-co-jp.saceeeesoaa.yxfzox.top","1666915200"
"jcb-co-jp.saceeeesoaa.zqplva.top","1666915200"
"jcb-co-jp.saceeeesoaa.zwjolc.top","1666915200"
"jcb-co-jp.saceosesoaa.aohjoe.top","1666915200"
"jcb-co-jp.saceosesoaa.aqjumi.top","1666915200"
"jcb-co-jp.saceosesoaa.btksps.top","1666915200"
"jcb-co-jp.saceosesoaa.ckbgqa.top","1666915200"
"jcb-co-jp.saceosesoaa.cwtqgk.top","1666915200"
"jcb-co-jp.saceosesoaa.cxksxk.top","1666915200"
"jcb-co-jp.saceosesoaa.dpmjmf.top","1666915200"
"jcb-co-jp.saceosesoaa.epfran.top","1666915200"
"jcb-co-jp.saceosesoaa.fynbrb.top","1666915200"
"jcb-co-jp.saceosesoaa.fznzia.top","1666915200"
"jcb-co-jp.saceosesoaa.gatmao.top","1666915200"
"jcb-co-jp.saceosesoaa.gtpzam.top","1666915200"
"jcb-co-jp.saceosesoaa.hgodae.top","1666915200"
"jcb-co-jp.saceosesoaa.hxdmaa.top","1666915200"
"jcb-co-jp.saceosesoaa.hxfkib.top","1666915200"
"jcb-co-jp.saceosesoaa.igyoxj.top","1666915200"
"jcb-co-jp.saceosesoaa.ioukrg.top","1666915200"
"jcb-co-jp.saceosesoaa.iskwkh.top","1666915200"
"jcb-co-jp.soacesneaaa.kgbmvy.top","1666915200"
"jcb-co-jp.socecsneisa.lklftx.top","1666915200"
"jcb-co-jp.socecsneisa.nfcruf.top","1666915200"
"jcb-co-jp.socecsneisa.nqshtz.top","1666915200"
"jcb-co-jp.socecsneisa.nqydyk.top","1666915200"
"jcb-co-jp.socecsneisa.ntcivu.top","1666915200"
"jcb-co-jp.socecsneisa.ofapuf.top","1666915200"
"jcb-co-jp.socecsneisa.okkluc.top","1666915200"
"jcb-co-jp.socecsneisa.pscbcq.top","1666915200"
"jcb-co-jp.socecsneisa.ptflkv.top","1666915200"
"jcb-co-jp.socecsneisa.pvevhj.top","1666915200"
"jcb-co-jp.socecsneisa.pwrppx.top","1666915200"
"jcb-co-jp.socecsneisa.qumkhv.top","1666915200"
"jcb-co-jp.socecsneisa.rmefse.top","1666915200"
"jcb-co-jp.socecsneisa.szdatz.top","1666915200"
"jcb-co-jp.socecsneisa.tbzepi.top","1666915200"
"jcb-co-jp.socecsneisa.trloxr.top","1666915200"
"jcb-co-jp.socecsneisa.txnrdz.top","1666915200"
"jcb-co-jp.socecsneisa.ucaomn.top","1666915200"
"jcb-co-jp.socecsneisa.uovtkq.top","1666915200"
"jcb-co-jp.socecsneisa.uthgrh.top","1666915200"
"jcb-co-jp.socecsneisa.xdytug.top","1666915200"
"jcb-co-jp.socecsneisa.xfrhbs.top","1666915200"
"jcb-co-jp.socecsneisa.xpffml.top","1666915200"
"jcb-co-jp.socecsneisa.xvtqgm.top","1666915200"
"jcb-co-jp.socecsneisa.yxfzox.top","1666915200"
"jcb-co-jp.socecsneisa.zqplva.top","1666915200"
"jcb-co-jp.socecsneisa.zwjolc.top","1666915200"
"jcb-co-jp.soceesneisa.aohjoe.top","1666915200"
"jcb-co-jp.soceesneisa.aqjumi.top","1666915200"
"jcb-co-jp.soceesneisa.btksps.top","1666915200"
"jcb-co-jp.soceesneisa.ckbgqa.top","1666915200"
"jcb-co-jp.soceesneisa.cwtqgk.top","1666915200"
"jcb-co-jp.soceesneisa.cxksxk.top","1666915200"
"jcb-co-jp.soceesneisa.dpmjmf.top","1666915200"
"jcb-co-jp.soceesneisa.epfran.top","1666915200"
"jcb-co-jp.soceesneisa.fynbrb.top","1666915200"
"jcb-co-jp.soceesneisa.fznzia.top","1666915200"
"jcb-co-jp.soceesneisa.gatmao.top","1666915200"
"jcb-co-jp.soceesneisa.gtpzam.top","1666915200"
"jcb-co-jp.soceesneisa.hgodae.top","1666915200"
"jcb-co-jp.soceesneisa.hxdmaa.top","1666915200"
"jcb-co-jp.soceesneisa.hxfkib.top","1666915200"
"jcb-co-jp.soceesneisa.igyoxj.top","1666915200"
"jcb-co-jp.soceesneisa.ioukrg.top","1666915200"
"jcb-co-jp.soceesneisa.iskwkh.top","1666915200"
"jcb-co-jp.soceesneisa.jdidcz.top","1666915200"
"jcb-co-jp.soceesneisa.jerhnm.top","1666915200"
"jcb-co-jp.soceesneisa.kgbmvy.top","1666915200"
"jcb-co-jp.soceesneisa.kzytvo.top","1666915200"
"jcb-co-jp.soceesneisa.liohdr.top","1666915200"
"jcb-co-jp.soceesneisa.lklftx.top","1666915200"
"jcb-co-jp.soceesneisa.nfcruf.top","1666915200"
"jcb-co-jp.soceesneisa.nqshtz.top","1666915200"
"jcb-co-jp.soceesneisa.nqydyk.top","1666915200"
"jcb-co-jp.soceesneisa.ntcivu.top","1666915200"
"jcb-co-jp.soceesneisa.ofapuf.top","1666915200"
"jcb-co-jp.soceesneisa.okkluc.top","1666915200"
"jcb-co-jp.soceesneisa.pscbcq.top","1666915200"
"jcb-co-jp.soceesneisa.ptflkv.top","1666915200"
"jcb-co-jp.soceesneisa.pvevhj.top","1666915200"
"jcb-co-jp.soceesneisa.pwrppx.top","1666915200"
"jcb-co-jp.soceesneisa.qumkhv.top","1666915200"
"jcb-co-jp.soceesneisa.rmefse.top","1666915200"
"jcb-co-jp.soceesneisa.szdatz.top","1666915200"
"jcb-co-jp.soceesneisa.tbzepi.top","1666915200"
"jcb-co-jp.soceesneisa.trloxr.top","1666915200"
"jcb-co-jp.soceesneisa.txnrdz.top","1666915200"
"jcb-co-jp.soceesneisa.ucaomn.top","1666915200"
"jcb-co-jp.soceesneisa.uovtkq.top","1666915200"
"jcb-co-jp.soceesneisa.uthgrh.top","1666915200"
"jcb-co-jp.soceesneisa.xdytug.top","1666915200"
"jcb-co-jp.soceesneisa.xfrhbs.top","1666915200"
"jcb-co-jp.soceesneisa.xpffml.top","1666915200"
"jcb-co-jp.soceesneisa.xvtqgm.top","1666915200"
"jcb-co-jp.soceesneisa.yxfzox.top","1666915200"
"jcb-co-jp.soceesneisa.zqplva.top","1666915200"
"jcb-co-jp.soceesneisa.zwjolc.top","1666915200"
"jcb-co-jp.socessneisa.aohjoe.top","1666915200"
"jcb-co-jp.socessneisa.aqjumi.top","1666915200"
"jcb-co-jp.socessneisa.btksps.top","1666915200"
"jcb-co-jp.socessneisa.ckbgqa.top","1666915200"
"jcb-co-jp.socessneisa.cwtqgk.top","1666915200"
"jcb-co-jp.socessneisa.cxksxk.top","1666915200"
"jcb-co-jp.socessneisa.dpmjmf.top","1666915200"
"jcb-co-jp.socessneisa.epfran.top","1666915200"
"jcb-co-jp.socessneisa.fynbrb.top","1666915200"
"jcb-co-jp.socessneisa.fznzia.top","1666915200"
"jcb-co-jp.socessneisa.gatmao.top","1666915200"
"jcb-co-jp.socessneisa.gtpzam.top","1666915200"
"jcb-co-jp.socessneisa.hgodae.top","1666915200"
"jcb-co-jp.socessneisa.hxdmaa.top","1666915200"
"jcb-co-jp.socessneisa.hxfkib.top","1666915200"
"jcb-co-jp.socessneisa.igyoxj.top","1666915200"
"jcb-co-jp.socessneisa.ioukrg.top","1666915200"
"jcb-co-jp.socessneisa.iskwkh.top","1666915200"
"jcb-co-jp.socessneisa.jdidcz.top","1666915200"
"jcb-co-jp.socessneisa.jerhnm.top","1666915200"
"jcb-co-jp.socessneisa.kgbmvy.top","1666915200"
"jcb-co-jp.socessneisa.kzytvo.top","1666915200"
"jcb-co-jp.socessneisa.liohdr.top","1666915200"
"jcb-co-jp.socessneisa.lklftx.top","1666915200"
"jcb-co-jp.socessneisa.nfcruf.top","1666915200"
"jcb-co-jp.socessneisa.nqshtz.top","1666915200"
"jcb-co-jp.socessneisa.nqydyk.top","1666915200"
"jcb-co-jp.socessneisa.ntcivu.top","1666915200"
"jcb-co-jp.socessneisa.ofapuf.top","1666915200"
"jcb-co-jp.socessneisa.okkluc.top","1666915200"
"jcb-co-jp.socessneisa.pscbcq.top","1666915200"
"jcb-co-jp.socessneisa.ptflkv.top","1666915200"
"jcb-co-jp.socessneisa.pvevhj.top","1666915200"
"jcb-co-jp.socessneisa.pwrppx.top","1666915200"
"jcb-co-jp.socessneisa.qumkhv.top","1666915200"
"jcb-co-jp.socessneisa.rmefse.top","1666915200"
"jcb-co-jp.socessneisa.szdatz.top","1666915200"
"jcb-co-jp.socessneisa.tbzepi.top","1666915200"
"jcb-co-jp.socessneisa.trloxr.top","1666915200"
"jcb-co-jp.socessneisa.txnrdz.top","1666915200"
"jcb-co-jp.socessneisa.ucaomn.top","1666915200"
"jcb-co-jp.socessneisa.uovtkq.top","1666915200"
"jcb-co-jp.socessneisa.uthgrh.top","1666915200"
"jcb-co-jp.socessneisa.xdytug.top","1666915200"
"jcb-co-jp.socessneisa.xfrhbs.top","1666915200"
"jcb-co-jp.socessneisa.xpffml.top","1666915200"
"jcb-co-jp.socessneisa.xvtqgm.top","1666915200"
"jcb-co-jp.socessneisa.yxfzox.top","1666915200"
"jcb-co-jp.socessneisa.zqplva.top","1666915200"
"jcb-co-jp.socessneisa.zwjolc.top","1666915200"
"jioconnection.com","1666915200"
"jizzy.ziraat-helpdesk.com","1666915200"
"jmai1.com","1666915200"
"jnebfmkr.ga","1666915200"
"jnebfmkr.ml","1666915200"
"jonesdays.info","1666915200"
"jotunheim.name","1666915200"
"joyshiping.com","1666915200"
"jp.siozzs1jbs.club","1666915200"
"jqmwmtaupn.duckdns.org","1666915200"
"jquerysslest.com","1666915200"
"jusper.zzz.com.ua","1666915200"
"just-a-downloader.su","1666915200"
"jvfcblunpd.duckdns.org","1666915200"
"jwinmmmlly.duckdns.org","1666915200"
"k-dringlichkeit.shop","1666915200"
"kaku.siozzs1jbs.club","1666915200"
"kampanya-bireyselformubasvur900tl-online.ml","1666915200"
"kargoaps.com","1666915200"
"karibimfashion.com","1666915200"
"kdavidjames.com","1666915200"
"kdysyrntyd.duckdns.org","1666915200"
"kehnug-tw.com","1666915200"
"kenal-cn.com","1666915200"
"kibossuqar.com","1666915200"
"kilopasdo2191293jeriii.com","1666915200"
"kioskcantinhodaroca.com.br","1666915200"
"kirill0v.beget.tech","1666915200"
"kivive.com","1666915200"
"kkeeqqdqtk.duckdns.org","1666915200"
"kklmlmzzef.duckdns.org","1666915200"
"kmainvestment.com","1666915200"
"kmrntnflxc.duckdns.org","1666915200"
"koltushi.info","1666915200"
"konemiluja.com","1666915200"
"krakenloegzin.godaddysites.com","1666915200"
"ktfd6.doctor","1666915200"
"ku-coinloginusr.godaddysites.com","1666915200"
"kucaenlagen7.godaddysites.com","1666915200"
"kuccoinlginyt.godaddysites.com","1666915200"
"kuccoinnlugiinn.godaddysites.com","1666915200"
"kucfoinlginiou.godaddysites.com","1666915200"
"kucoinlgin-log.godaddysites.com","1666915200"
"kucoinlgin-rgd.godaddysites.com","1666915200"
"kucoinlgn-log.godaddysites.com","1666915200"
"kucoinlogiinen.godaddysites.com","1666915200"
"kucoinnlugiinn0.godaddysites.com","1666915200"
"kucoinusr-login.godaddysites.com","1666915200"
"kuqoinllogi-n.godaddysites.com","1666915200"
"kuucoinccccelugin.godaddysites.com","1666915200"
"kuucoinnlugiinn.godaddysites.com","1666915200"
"kuucooincessluginces.godaddysites.com","1666915200"
"kuuucoinxelugince.godaddysites.com","1666915200"
"kweol-mcgoacs-heeng.yolasite.com","1666915200"
"kyant4.com","1666915200"
"l113e3c7.justinstalledpanel.com","1666915200"
"l3d.pp.ru","1666915200"
"lacourbmonte.firebaseapp.com","1666915200"
"lacourbmonte.web.app","1666915200"
"lancarterusygy.my.id","1666915200"
"laykaruthunga.com","1666915200"
"lbanquepostalecerticplusysi.firebaseapp.com","1666915200"
"lbanquepostalecerticplusysi.web.app","1666915200"
"ldmnbrhtg.weebly.com","1666915200"
"leadtipz.pw","1666915200"
"leaveitproject.com","1666915200"
"legitvendors.ru","1666915200"
"leliclci.ml","1666915200"
"leliclci.tk","1666915200"
"lifenet.liffkaiw.top","1666915200"
"limefarparallelalgorithm.alexander960.repl.co","1666915200"
"link.infini.fr","1666915200"
"linkedincon2.weebly.com","1666915200"
"livdecor.pt","1666915200"
"lively-mountain-55a9.marines22.workers.dev","1666915200"
"lledgerslive.com","1666915200"
"lloydbank-accountbreach.com","1666915200"
"location-find.online","1666915200"
"login-micro-drive-file-share-view.firebaseapp.com","1666915200"
"login-micro-drive-file-share-view.web.app","1666915200"
"lokvrtz.cf","1666915200"
"lokvrtz.ml","1666915200"
"lolosamarte.blogspot.com","1666915200"
"lowaspeed.ddnsfree.com","1666915200"
"loxomi.in.ua","1666915200"
"lutonfb-proposal.square.site","1666915200"
"lynnehaneyhomeloans.com","1666915200"
"maatart.eu","1666915200"
"mahalliidareleregitimmerkezi.com.tr","1666915200"
"mahgoubsons.ml","1666915200"
"mail-sgb.pl","1666915200"
"mail.enrollmoreclientsbootcamp.com","1666915200"
"mailinformation.godaddysites.com","1666915200"
"malanboa.com","1666915200"
"mangiaine.com","1666915200"
"manobad.0xhost.net","1666915200"
"massiaparni.blogspot.com","1666915200"
"massivedynamics.pe","1666915200"
"matbin.com","1666915200"
"mattwyatt.co.uk","1666915200"
"mayormoveis.com","1666915200"
"mcufcu.org","1666915200"
"medidastributaria.club","1666915200"
"megark.com","1666915200"
"melisian.bond","1666915200"
"melleniumval.xyz","1666915200"
"meniskon.com","1666915200"
"meta-business-settings700122.web.app","1666915200"
"meta-mask-supports.netlify.app","1666915200"
"metalac.ca","1666915200"
"metamask.wallets-reauth.net","1666915200"
"michioil.org","1666915200"
"microcloud.online","1666915200"
"microsoftindonesia.my.id","1666915200"
"millybran.com","1666915200"
"mingming20160152.github.io","1666915200"
"miriamsouthey.bond","1666915200"
"miyiba.com","1666915200"
"mjayme9jdg9izxixmjeydgg.filesusr.com","1666915200"
"mkm.es","1666915200"
"mmmaetammask-walle.azurewebsites.net","1666915200"
"mmmetatasmasmk.azurewebsites.net","1666915200"
"mogute.site","1666915200"
"monyeward.com","1666915200"
"morilloart.com","1666915200"
"mortem.xyz","1666915200"
"moscow1.online","1666915200"
"mosoli.com","1666915200"
"mrflom03botnet.hostingsiteforfree.com","1666915200"
"mrslafleursclass.com","1666915200"
"msa-hinat.net","1666915200"
"msbc.msbcoxz.one","1666915200"
"mtene.nut.cc","1666915200"
"my.netbank.commbank.com.au.cbdhempreview.com","1666915200"
"my.netbank.commbank.com.au.dubmusic.com.br","1666915200"
"my.trulead.io","1666915200"
"myjcb-app.com","1666915200"
"myjcb.thxpj.cn","1666915200"
"mytarges.com","1666915200"
"n.com","1666915200"
"nanninghuayie.com","1666915200"
"nbg-myid-greece-online.firebaseapp.com","1666915200"
"nbg-myid-greece-online.web.app","1666915200"
"netflix-promocje.pl","1666915200"
"netstation2aplus.mjziicziaqaada.com","1666915200"
"netstation2aplus.mjziicziaqaadc.com","1666915200"
"netstation2aplus.mjziicziaqaadn.com","1666915200"
"newstarmachinery.cf","1666915200"
"newwjbdlinattlofgin.weebly.com","1666915200"
"nitariun.be","1666915200"
"nkejiukrworld.ru","1666915200"
"nnaa.kir22.ru","1666915200"
"nortonlilly.info","1666915200"
"npm.safonov.eu","1666915200"
"ntservice.cf","1666915200"
"nueva-acropolis.cl","1666915200"
"o.axeturismo.com.br","1666915200"
"o2-failure-billing-update.com","1666915200"
"ochengorit.ru","1666915200"
"offices-hotmail.pages.dev","1666915200"
"oglaszamy-lokalnie.pl","1666915200"
"okilo.kenal-cn.com","1666915200"
"omegastresser.altervista.org","1666915200"
"onedrive.2018wzh.workers.dev","1666915200"
"onenewmanthailand.com","1666915200"
"onlinedessertvalleyscu.info","1666915200"
"onwajan.com","1666915200"
"openice.me","1666915200"
"opensea-io.org.kz","1666915200"
"opensea-security.io","1666915200"
"orangefornowsee.webatu.com","1666915200"
"orburi.ru","1666915200"
"othiesuw.pw","1666915200"
"ousvavbiqh.duckdns.org","1666915200"
"owerri.usa.cc","1666915200"
"pacshora.net","1666915200"
"pageconfirmationn.shop","1666915200"
"palentoe.biz","1666915200"
"paltox.com","1666915200"
"pancaka.exchange","1666915200"
"pancakeswapes.company","1666915200"
"particulares-digital.info","1666915200"
"particularesdigital.info","1666915200"
"particularesdigital.live","1666915200"
"paulstoreyphotography.com","1666915200"
"pedecamisa.com.br","1666915200"
"pendalgo-way.biz","1666915200"
"perubahan-tarif-brimo.ssssyf.web.id","1666915200"
"pfizre.com","1666915200"
"phostoru.info","1666915200"
"pilihantarif.com","1666915200"
"pjscadeamn.duckdns.org","1666915200"
"pjxmmfnykuiuuvefdic.com","1666915200"
"pkurl.com","1666915200"
"playstation2online.com","1666915200"
"pmw-ch.com","1666915200"
"pnmmn-cyvbiqzbe.ru","1666915200"
"pococlm.com","1666915200"
"pocslioin.online","1666915200"
"polandmant.xyz","1666915200"
"pom4ekk.myjino.ru","1666915200"
"poocoiqnn-swap.us","1666915200"
"portal01x4.online","1666915200"
"portalporinternet-beneficiosencasa.superdiario-peru.top","1666915200"
"poy.kimanisfood.com.my","1666915200"
"pploandocusignadminserbejf.weebly.com","1666915200"
"preutainer.ml","1666915200"
"prisme-topo.fr","1666915200"
"projetosturner.com","1666915200"
"prosecuredata.top","1666915200"
"prsonmisucursalvtual-trnsac.com","1666915200"
"pstto666.top","1666915200"
"pulka.pp.ua","1666915200"
"puruntis.ug","1666915200"
"pushing.pk","1666915200"
"rackenfordlabs.com","1666915200"
"ragjohn.com","1666915200"
"randa-it.net","1666915200"
"rapxwo.com","1666915200"
"rctmall.shop","1666915200"
"rcwj.purist.top","1666915200"
"realizevoce.com","1666915200"
"reclaim-bilnet.com","1666915200"
"red-it.co.za","1666915200"
"redirectpagetotarget.com","1666915200"
"reg.chaindaohang.com","1666915200"
"renouvellement-assur.fr","1666915200"
"reset-afcu.web.app","1666915200"
"reveszn.ru","1666915200"
"rontosportiks917.com","1666915200"
"ruon1on.ru","1666915200"
"rutradecart.net","1666915200"
"rw.sentrysource.com","1666915200"
"sabot.co.za","1666915200"
"sagagame.me","1666915200"
"sagradiana.net","1666915200"
"saisoncard-poxe.com","1666915200"
"saisoncard.smusoshajsd.com","1666915200"
"sampledomainlinux.com","1666915200"
"san4.kl.com.ua","1666915200"
"sanyai-love.rmu.ac.th","1666915200"
"sariincofood.co.id","1666915200"
"sascihomes.com","1666915200"
"sbccu.org","1666915200"
"schriangs-greiang-kraerg.yolasite.com","1666915200"
"sderfgtyo.webnode.page","1666915200"
"sdhuif-service-107201.weeblysite.com","1666915200"
"secure.runescape.com-az.ru","1666915200"
"securityscheck.com","1666915200"
"sehd7.doctor","1666915200"
"sen-manole.firebaseapp.com","1666915200"
"seniorkita.xyz","1666915200"
"sentisound.org","1666915200"
"septxpm.xyz","1666915200"
"serviceinfo10.wixsite.com","1666915200"
"setson.5gbfree.com","1666915200"
"sevenapp.info","1666915200"
"sewon-ind.engage.lv","1666915200"
"sg-authentifications.fr","1666915200"
"shared-file.square.site","1666915200"
"shirtsstores.com","1666915200"
"shiznith.zz.mu","1666915200"
"shopeetsvip.com","1666915200"
"shopintime.com","1666915200"
"silburndrake.co.za","1666915200"
"silverliningbd.com","1666915200"
"siphosgraphics.co.za","1666915200"
"siresconsultancy.com","1666915200"
"skemaactivasi.perubahantarifbri.cf","1666915200"
"skematarif1.bribrimo.web.id","1666915200"
"skematarif1.layanan-pilihan.my.id","1666915200"
"skynetdc.info","1666915200"
"skypegavrels1.ru","1666915200"
"sladder.pw","1666915200"
"slaykings.io","1666915200"
"slorg03.hyperphp.com","1666915200"
"smartnet.taess.net","1666915200"
"sms-post-ch.click","1666915200"
"snakexox.com","1666915200"
"sneax.bplaced.de","1666915200"
"sobfi.eiosc.info","1666915200"
"socialmediaville.org","1666915200"
"sofe-firma.firebaseapp.com","1666915200"
"softsecuredownload.com","1666915200"
"solarbotn.0xhost.net","1666915200"
"sonrepkewa.com","1666915200"
"sonyelevators.com","1666915200"
"sp39987.sitebeat.site","1666915200"
"spark.shaheenwrites.com","1666915200"
"sparkasse.spk-banking.de","1666915200"
"sportybetpremium.wapka.co","1666915200"
"ssl-zone.ru","1666915200"
"standardequitybk.com","1666915200"
"starecasemarketing.co.za","1666915200"
"starlingtrustportal.com","1666915200"
"steamcommunutiy.ru","1666915200"
"steamcomunmnity.ru","1666915200"
"steamcomuunty.com","1666915200"
"steamocmmunity.com","1666915200"
"stefanie-denker.de","1666915200"
"steqmcommunity.com","1666915200"
"stimulus-claim.com","1666915200"
"stlsmokeshop.com","1666915200"
"stlukesofspringfield.org","1666915200"
"stoleranavole.ru","1666915200"
"stopping-24-hours.com","1666915200"
"store-new.guard.eu.org","1666915200"
"storymodemortalcombo.com","1666915200"
"street71.org","1666915200"
"sumakokl.beget.tech","1666915200"
"sumocloud.club","1666915200"
"sunfastinc.com","1666915200"
"suplusbless.com","1666915200"
"support-paiement-securise.fr","1666915200"
"support.thefaultrecords.com","1666915200"
"supportpaypai.fr","1666915200"
"supportteam342642.co.vu","1666915200"
"supportteam34745435.co.vu","1666915200"
"supportteam5742664.co.vu","1666915200"
"supportteam9524209.co.vu","1666915200"
"suresinos1.cf","1666915200"
"sutrarita.eu","1666915200"
"svartalfheim.top","1666915200"
"swartlander.co.za","1666915200"
"ta.fergindo.com","1666915200"
"tarifaktif.my.id","1666915200"
"tavim.org","1666915200"
"technolam.com","1666915200"
"tellmeliu.github.io","1666915200"
"temaktr.com","1666915200"
"terrabitnetworks.net","1666915200"
"tgf6540cv.hyperphp.com","1666915200"
"thankdlord.com","1666915200"
"thefarmer.co.za","1666915200"
"thelodges.co.za","1666915200"
"thirsty-pare-03e02b.netlify.app","1666915200"
"tigesedgu.ru","1666915200"
"timah.com","1666915200"
"timurif6.beget.tech","1666915200"
"tk.psikologi.fkik.unja.ac.id","1666915200"
"tlcbsp.site","1666915200"
"tmt-mail.com","1666915200"
"tokenannex.com","1666915200"
"toolsinc.info","1666915200"
"topfurnishers.co.za","1666915200"
"totalleecase.xyz","1666915200"
"totheleagueyh.com","1666915200"
"track-dot-encrypt-key-326708.uk.r.appspot.com","1666915200"
"tradomedicalinstints.com","1666915200"
"traveller.to","1666915200"
"treemover.xyz","1666915200"
"tribunitial-impulse.000webhostapp.com","1666915200"
"trioscuresysm.xyz","1666915200"
"tropecetin.net","1666915200"
"trulead.io","1666915200"
"trustworthyhandsomecoins.smsasmsa.repl.co","1666915200"
"ttxcvb9n0m018814.top","1666915200"
"ttxcvb9n0m018815.top","1666915200"
"turamesv.site","1666915200"
"twilioappsongrid.azurefd.net","1666915200"
"twobads.1.vg","1666915200"
"tylar.had.su","1666915200"
"u0456259.cp.regruhosting.ru","1666915200"
"u388403-38811.firebaseapp.com","1666915200"
"u388403-38811.web.app","1666915200"
"u8277473-2933.firebaseapp.com","1666915200"
"u8277473-2933.web.app","1666915200"
"uavlab.am","1666915200"
"ubqgroup.com","1666915200"
"ufhfisdoff8sdfk.su","1666915200"
"ukonline.hc0.me","1666915200"
"unifarmex.net","1666915200"
"unqueaccess-shop.com","1666915200"
"update01.mdtmi.cloud","1666915200"
"updatetransfer-pro.com","1666915200"
"upholsterydesign.com.au","1666915200"
"urbanworldofgoodluck.cf","1666915200"
"url.gratis","1666915200"
"user80172.7ci.ru","1666915200"
"user80176.7ci.ru","1666915200"
"usmeclals.com","1666915200"
"usps-comb.top","1666915200"
"usps-comf.top","1666915200"
"usps-comg.top","1666915200"
"usps-comy.top","1666915200"
"usps-help.com","1666915200"
"uspshelpmydelivery.com","1666915200"
"ustopss.info","1666915200"
"v.ecpsoaoerb.com","1666915200"
"v320560.hosted-by-vdsina.ru","1666915200"
"v7denizzbanksubecom.tk","1666915200"
"vagamonhillvalley.com","1666915200"
"vengefulsardonicdisks.nuevaphp.repl.co","1666915200"
"venzatechi.online","1666915200"
"verifikasi-akun-anda0011.weeblysite.com","1666915200"
"verifycrash.mcdir.ru","1666915200"
"verifygreentick.com","1666915200"
"verifymezen.duckdns.org","1666915200"
"vermillion-conkies-76b271.netlify.app","1666915200"
"victorytopper.com","1666915200"
"vigncirculation2022.fr","1666915200"
"viii-photography.co.za","1666915200"
"vip-interior.com.ua","1666915200"
"vip18zxzxy.cf","1666915200"
"vivoclubvillas.com","1666915200"
"vjkengineering.com","1666915200"
"vmailnotis.com","1666915200"
"vman21.com","1666915200"
"vnn-nv.com","1666915200"
"voip-asterisk.org","1666915200"
"volunteerworksydney.org.au","1666915200"
"vvbar.co.za","1666915200"
"vviissttaa.uk.to","1666915200"
"wahacapitalua.com","1666915200"
"wallet.zksyncv.site","1666915200"
"wallhorn.com","1666915200"
"want-to-buy.co.uk","1666915200"
"web.lisawisse.fh.net.nz","1666915200"
"web8926.web07.bero-webspace.de","1666915200"
"web8975.web07.bero-webspace.de","1666915200"
"webdevelopments.co.in","1666915200"
"webinstagram.com","1666915200"
"wenotice.com","1666915200"
"whatsapt.co","1666915200"
"whoer-vpn.net","1666915200"
"whymanncroft.com","1666915200"
"wildelet.com","1666915200"
"wintin-cn.com","1666915200"
"wishstock.net","1666915200"
"wonodds.club","1666915200"
"work2.t1nkem.com","1666915200"
"wrdkfntmh.weebly.com","1666915200"
"wxxywl888.com","1666915200"
"xjmr7.mjt.lu","1666915200"
"xn--vitale-sant-renouvellement-llc.fr","1666915200"
"xoli.co.za","1666915200"
"xoxo24.godaddysites.com","1666915200"
"xtio.ch","1666915200"
"xtracker.club","1666915200"
"xttyowtwnv.duckdns.org","1666915200"
"xyttete.shorty-xpy.com","1666915200"
"y4me0s.webwave.dev","1666915200"
"y93554zp.bget.ru","1666915200"
"yah00omailsecureformverifyupdatehtml.weebly.com","1666915200"
"yahoo-109550.weeblysite.com","1666915200"
"yale777.com","1666915200"
"yeaskews.info","1666915200"
"yetk5.stream","1666915200"
"yilinmilletvekili.com","1666915200"
"yinigliqd.com","1666915200"
"yoakumginandfeed.com","1666915200"
"yoniliseka.co.za","1666915200"
"ytwo1.weebly.com","1666915200"
"yuioph.beget.tech","1666915200"
"zdemo.mooo.com","1666915200"
"zinvip.online","1666915200"
"zjibingfeng.com","1666915200"
"zmlp.co.za","1666915200"
"zmpcoaca.cyou","1666915200"
"zsaegfbrer.c1.biz","1666915200"
"zweu1.doctor","1666915200"
